-0.609,-0.369,0.695
-0.600,-0.359,0.701
-0.586,-0.363,0.713
-0.582,-0.377,0.729
-0.576,-0.408,0.723
-0.578,-0.410,0.740
-0.590,-0.381,0.752
-0.596,-0.381,0.760
-0.598,-0.375,0.752
-0.613,-0.363,0.732
-0.637,-0.373,0.734
-0.619,-0.402,0.699
-0.607,-0.369,0.693
-0.602,-0.352,0.676
-0.600,-0.383,0.641
-0.613,-0.404,0.652
-0.600,-0.385,0.670
-0.564,-0.430,0.701
-0.549,-0.525,0.713
-0.559,-0.566,0.654
-0.586,-0.475,0.643
-0.604,-0.424,0.648
-0.602,-0.469,0.674
-0.574,-0.475,0.695
-0.551,-0.420,0.715
-0.551,-0.346,0.705
-0.568,-0.303,0.711
-0.574,-0.289,0.725
-0.615,-0.322,0.705
-0.668,-0.367,0.688
-0.738,-0.346,0.586
-0.777,-0.166,0.492
-0.688,0.039,0.410
-0.764,0.051,0.441
-0.760,-0.172,0.494
-0.697,-0.422,0.553
-0.656,-0.537,0.545
-0.711,-0.490,0.631
-0.818,-0.385,0.730
-0.908,-0.383,0.877
-0.934,-0.557,0.936
-0.914,-0.596,0.893
-0.764,-0.518,0.826
-0.605,-0.434,0.707
-0.520,-0.420,0.617
-0.488,-0.445,0.539
-0.475,-0.408,0.467
-0.502,-0.365,0.451
-0.518,-0.420,0.500
-0.527,-0.494,0.627
-0.559,-0.570,0.680
-0.635,-0.539,0.645
-0.711,-0.520,0.697
-0.734,-0.508,0.752
-0.758,-0.508,0.779
-0.852,-0.475,0.832
-0.988,-0.439,0.844
-0.984,-0.477,0.861
-0.791,-0.576,0.844
-0.633,-0.631,0.797
-0.674,-0.639,0.738
-0.791,-0.615,0.691
-0.889,-0.602,0.711
-0.863,-0.539,0.787
-0.826,-0.516,0.824
-0.850,-0.412,0.750
-0.836,-0.371,0.680
-0.746,-0.391,0.676
-0.676,-0.393,0.678
-0.697,-0.367,0.705
-0.662,-0.283,0.662
-0.688,-0.303,0.631
-0.717,-0.322,0.574
-0.723,-0.361,0.523
-0.717,-0.318,0.471
-0.693,-0.266,0.449
-0.664,-0.219,0.461
-0.646,-0.189,0.463
-0.684,-0.184,0.457
-0.746,-0.205,0.467
-0.768,-0.219,0.502
-0.898,-0.256,0.549
-0.957,-0.352,0.580
-0.846,-0.328,0.553
-0.629,-0.346,0.648
-0.619,-0.406,0.750
-0.789,-0.520,0.752
-0.951,-0.551,0.701
-0.930,-0.570,0.594
-0.783,-0.602,0.553
-0.625,-0.545,0.646
-0.564,-0.418,0.656
-0.576,-0.428,0.652
-0.611,-0.504,0.598
-0.615,-0.564,0.570
-0.600,-0.549,0.605
-0.570,-0.475,0.678
-0.592,-0.418,0.672
-0.602,-0.486,0.629
-0.607,-0.570,0.607
-0.609,-0.619,0.648
-0.625,-0.654,0.666
-0.643,-0.701,0.674
-0.684,-0.740,0.715
-0.736,-0.748,0.807
-0.740,-0.736,0.855
-0.688,-0.711,0.869
-0.688,-0.670,0.852
-0.771,-0.648,0.707
-0.816,-0.705,0.682
-0.854,-0.676,0.678
-0.781,-0.537,0.656
-0.672,-0.418,0.672
-0.637,-0.291,0.646
-0.727,-0.281,0.691
-0.844,-0.439,0.686
-0.875,-0.494,0.615
-0.795,-0.355,0.664
-0.758,-0.232,0.736
-0.725,-0.273,0.881
-0.654,-0.414,0.865
-0.600,-0.521,0.729
-0.619,-0.451,0.637
-0.604,-0.379,0.654
-0.611,-0.422,0.713
-0.641,-0.512,0.715
-0.699,-0.527,0.725
-0.736,-0.461,0.738
-0.754,-0.316,0.703
-0.746,-0.221,0.674
-0.736,-0.186,0.586
-0.746,-0.240,0.525
-0.770,-0.271,0.506
-0.799,-0.219,0.480
-0.809,-0.201,0.449
-0.885,-0.254,0.441
-0.982,-0.283,0.480
-0.889,-0.285,0.482
-0.582,-0.359,0.555
-0.439,-0.340,0.555
-0.553,-0.363,0.520
-0.803,-0.424,0.523
-0.898,-0.600,0.537
-0.877,-0.732,0.539
-0.781,-0.646,0.506
-0.643,-0.480,0.629
-0.518,-0.375,0.676
-0.447,-0.461,0.648
-0.451,-0.559,0.557
-0.490,-0.520,0.477
-0.527,-0.521,0.537
-0.523,-0.660,0.621
-0.518,-0.840,0.633
-0.527,-0.783,0.639
-0.510,-0.783,0.725
-0.523,-0.859,0.766
-0.514,-0.826,0.809
-0.551,-0.779,0.918
-0.605,-0.807,1.045
-0.895,-0.816,1.197
-1.020,-0.748,1.209
-0.893,-0.762,1.021
-0.533,-0.877,0.910
-0.625,-0.674,0.783
-0.699,-0.469,0.721
-0.758,-0.354,0.674
-0.740,-0.336,0.629
-0.688,-0.434,0.615
-0.627,-0.508,0.613
-0.590,-0.473,0.619
-0.549,-0.408,0.600
-0.523,-0.299,0.549
-0.533,-0.164,0.520
-0.609,-0.150,0.596
-0.713,-0.242,0.609
-0.775,-0.320,0.479
-0.824,-0.166,0.432
-0.807,0.002,0.529
-0.781,0.059,0.500
-0.797,0.008,0.477
-0.848,-0.047,0.488
-0.910,-0.094,0.596
-0.920,-0.160,0.684
-1.082,-0.209,0.727
-1.189,-0.291,0.684
-0.844,-0.344,0.385
-0.629,-0.443,0.525
-0.611,-0.373,0.689
-0.787,-0.348,0.814
-0.820,-0.545,0.846
-0.797,-0.678,0.646
-0.668,-0.641,0.555
-0.549,-0.539,0.539
-0.479,-0.492,0.402
-0.492,-0.521,0.281
-0.475,-0.498,0.219
-0.490,-0.455,0.348
-0.535,-0.510,0.463
-0.598,-0.654,0.523
-0.635,-0.719,0.641
-0.639,-0.734,0.725
-0.658,-0.688,0.773
-0.709,-0.693,0.846
-0.744,-0.701,0.855
-0.805,-0.662,0.902
-1.070,-0.617,1.057
-1.012,-0.617,1.117
-0.789,-0.613,0.971
-0.799,-0.531,0.861
-0.912,-0.422,0.850
-0.928,-0.350,0.781
-0.799,-0.410,0.734
-0.648,-0.496,0.773
-0.543,-0.436,0.754
-0.500,-0.355,0.645
-0.496,-0.348,0.602
-0.523,-0.340,0.551
-0.551,-0.332,0.555
-0.592,-0.316,0.586
-0.609,-0.271,0.613
-0.639,-0.219,0.627
-0.723,-0.213,0.600
-0.695,-0.297,0.627
-0.711,-0.299,0.580
-0.742,-0.211,0.598
-0.830,-0.178,0.598
-0.887,-0.295,0.619
-0.916,-0.318,0.582
-1.273,-0.293,0.635
-1.158,-0.154,0.566
-0.783,-0.008,0.682
-0.654,-0.066,0.773
-0.822,-0.221,0.730
-1.029,-0.334,0.623
-0.973,-0.430,0.471
-0.773,-0.418,0.445
-0.615,-0.328,0.494
-0.527,-0.287,0.482
-0.479,-0.391,0.416
-0.465,-0.518,0.395
-0.471,-0.549,0.430
-0.496,-0.547,0.479
-0.559,-0.563,0.531
-0.662,-0.619,0.635
-0.732,-0.729,0.719
-0.713,-0.758,0.758
-0.621,-0.750,0.818
-0.580,-0.754,0.836
-0.662,-0.797,0.834
-0.727,-0.879,0.838
-0.758,-0.904,0.803
-0.975,-0.865,0.969
-1.012,-0.760,0.951
-0.750,-0.678,0.832
-0.637,-0.697,0.844
-0.777,-0.605,0.848
-0.990,-0.471,0.795
-0.980,-0.484,0.740
-0.850,-0.545,0.727
-0.730,-0.492,0.742
-0.643,-0.332,0.730
-0.600,-0.209,0.695
-0.572,-0.189,0.682
-0.592,-0.266,0.660
-0.641,-0.277,0.529
-0.680,-0.244,0.518
-0.684,-0.182,0.543
-0.689,-0.127,0.568
-0.695,-0.074,0.568
-0.713,-0.064,0.504
-0.713,-0.059,0.465
-0.746,-0.066,0.525
-0.826,-0.123,0.621
-0.908,-0.199,0.604
-0.998,-0.271,0.553
-1.154,-0.318,0.633
-0.996,-0.230,0.584
-0.697,-0.232,0.631
-0.670,-0.305,0.664
-0.840,-0.396,0.662
-0.932,-0.531,0.719
-0.898,-0.654,0.666
-0.764,-0.674,0.605
-0.574,-0.551,0.658
-0.469,-0.412,0.604
-0.457,-0.354,0.551
-0.500,-0.445,0.529
-0.541,-0.506,0.502
-0.563,-0.512,0.490
-0.584,-0.525,0.539
-0.598,-0.543,0.625
-0.604,-0.588,0.656
-0.588,-0.607,0.680
-0.561,-0.645,0.723
-0.604,-0.695,0.736
-0.688,-0.746,0.838
-0.725,-0.816,0.859
-0.848,-0.875,0.912
-1.047,-0.848,1.064
-0.979,-0.770,1.074
-0.686,-0.809,0.998
-0.629,-0.822,0.932
-0.797,-0.672,0.895
-0.898,-0.498,0.898
-0.834,-0.404,0.857
-0.727,-0.404,0.850
-0.658,-0.438,0.836
-0.652,-0.377,0.699
-0.611,-0.346,0.627
-0.594,-0.332,0.600
-0.611,-0.283,0.580
-0.662,-0.242,0.604
-0.674,-0.311,0.652
-0.717,-0.236,0.582
-0.744,-0.150,0.586
-0.721,-0.078,0.576
-0.680,-0.055,0.551
-0.668,-0.090,0.518
-0.715,-0.096,0.451
-0.777,-0.125,0.465
-0.809,-0.182,0.580
-0.922,-0.209,0.590
-1.059,-0.252,0.645
-0.930,-0.215,0.543
-0.670,-0.209,0.660
-0.660,-0.225,0.770
-0.826,-0.344,0.912
-0.918,-0.439,0.877
-0.842,-0.572,0.793
-0.643,-0.613,0.727
-0.502,-0.498,0.686
-0.453,-0.430,0.625
-0.455,-0.508,0.561
-0.482,-0.609,0.500
-0.510,-0.564,0.441
-0.533,-0.510,0.510
-0.574,-0.514,0.566
-0.594,-0.602,0.648
-0.576,-0.680,0.684
-0.545,-0.779,0.695
-0.523,-0.781,0.680
-0.541,-0.748,0.740
-0.615,-0.807,0.852
-0.656,-0.895,0.854
-0.838,-0.922,0.994
-1.025,-0.867,1.107
-0.813,-0.846,1.062
-0.643,-0.902,1.041
-0.732,-0.832,1.068
-0.918,-0.674,1.059
-0.902,-0.549,0.982
-0.793,-0.480,0.930
-0.703,-0.473,0.922
-0.688,-0.439,0.883
-0.666,-0.361,0.744
-0.660,-0.316,0.664
-0.641,-0.312,0.641
-0.658,-0.299,0.676
-0.672,-0.311,0.658
-0.715,-0.213,0.605
-0.750,-0.139,0.576
-0.754,-0.131,0.527
-0.734,-0.129,0.482
-0.713,-0.096,0.465
-0.732,-0.021,0.438
-0.729,-0.004,0.416
-0.777,-0.102,0.414
-0.955,-0.170,0.502
-1.092,-0.168,0.486
-0.881,-0.135,0.422
-0.697,-0.230,0.543
-0.727,-0.324,0.664
-0.904,-0.363,0.789
-1.004,-0.480,0.859
-0.893,-0.697,0.922
-0.732,-0.760,0.855
-0.549,-0.619,0.852
-0.459,-0.547,0.771
-0.453,-0.543,0.668
-0.459,-0.594,0.611
-0.473,-0.570,0.557
-0.484,-0.596,0.629
-0.520,-0.594,0.674
-0.533,-0.600,0.721
-0.523,-0.598,0.746
-0.486,-0.625,0.758
-0.479,-0.693,0.783
-0.541,-0.715,0.805
-0.611,-0.744,0.875
-0.637,-0.791,0.922
-0.758,-0.848,1.053
-0.953,-0.779,1.170
-0.795,-0.814,1.148
-0.582,-0.967,1.057
-0.611,-0.973,1.043
-0.789,-0.785,1.074
-0.813,-0.645,1.047
-0.742,-0.551,0.994
-0.695,-0.516,0.947
-0.686,-0.498,0.879
-0.668,-0.455,0.768
-0.660,-0.416,0.711
-0.654,-0.336,0.676
-0.670,-0.273,0.680
-0.721,-0.205,0.691
-0.777,-0.160,0.666
-0.783,-0.145,0.584
-0.775,-0.154,0.516
-0.721,-0.131,0.496
-0.664,-0.041,0.492
-0.660,0.012,0.480
-0.715,-0.023,0.473
-0.760,-0.146,0.457
-0.832,-0.262,0.496
-0.992,-0.320,0.541
-0.904,-0.230,0.520
-0.682,-0.201,0.621
-0.676,-0.270,0.703
-0.854,-0.312,0.766
-0.945,-0.406,0.830
-0.902,-0.500,0.832
-0.719,-0.607,0.857
-0.566,-0.650,0.715
-0.496,-0.580,0.652
-0.455,-0.545,0.674
-0.457,-0.588,0.682
-0.482,-0.697,0.605
-0.523,-0.672,0.584
-0.553,-0.594,0.658
-0.543,-0.592,0.779
-0.521,-0.646,0.803
-0.482,-0.676,0.801
-0.467,-0.723,0.768
-0.525,-0.807,0.799
-0.604,-0.840,0.805
-0.648,-0.875,0.842
-0.746,-0.891,0.953
-0.918,-0.797,1.088
-0.820,-0.748,1.078
-0.672,-0.865,1.004
-0.721,-0.865,0.988
-0.867,-0.768,1.059
-0.893,-0.695,1.045
-0.813,-0.625,0.996
-0.734,-0.578,0.939
-0.674,-0.506,0.885
-0.648,-0.414,0.771
-0.617,-0.338,0.703
-0.613,-0.279,0.643
-0.629,-0.189,0.609
-0.639,-0.121,0.584
-0.648,-0.080,0.596
-0.693,-0.064,0.568
-0.674,-0.086,0.523
-0.662,-0.141,0.475
-0.652,-0.145,0.465
-0.695,-0.141,0.490
-0.730,-0.168,0.520
-0.750,-0.242,0.510
-0.859,-0.275,0.563
-0.957,-0.219,0.654
-0.844,-0.262,0.506
-0.684,-0.297,0.590
-0.754,-0.371,0.674
-0.906,-0.441,0.803
-0.943,-0.551,0.871
-0.855,-0.592,0.824
-0.660,-0.545,0.785
-0.475,-0.479,0.760
-0.436,-0.447,0.703
-0.424,-0.602,0.648
-0.471,-0.588,0.570
-0.514,-0.551,0.498
-0.535,-0.473,0.531
-0.566,-0.451,0.682
-0.572,-0.564,0.730
-0.549,-0.715,0.709
-0.496,-0.811,0.684
-0.521,-0.861,0.674
-0.566,-0.832,0.764
-0.611,-0.811,0.840
-0.637,-0.846,0.881
-0.846,-0.809,0.990
-0.924,-0.754,1.104
-0.602,-0.713,0.877
-0.600,-0.719,0.979
-0.715,-0.645,1.018
-0.881,-0.545,1.037
-0.885,-0.506,1.045
-0.770,-0.553,1.006
-0.682,-0.592,0.943
-0.590,-0.602,0.852
-0.586,-0.496,0.725
-0.590,-0.422,0.674
-0.598,-0.338,0.625
-0.621,-0.273,0.574
-0.658,-0.211,0.520
-0.668,-0.186,0.484
-0.656,-0.158,0.451
-0.623,-0.154,0.424
-0.598,-0.170,0.447
-0.594,-0.166,0.482
-0.643,-0.166,0.510
-0.705,-0.168,0.547
-0.721,-0.213,0.615
-0.910,-0.240,0.660
-1.066,-0.217,0.684
-0.854,-0.158,0.652
-0.662,-0.180,0.721
-0.660,-0.299,0.777
-0.789,-0.422,0.838
-0.932,-0.619,0.805
-0.918,-0.721,0.750
-0.760,-0.779,0.775
-0.611,-0.766,0.713
-0.457,-0.770,0.695
-0.361,-0.684,0.723
-0.336,-0.496,0.686
-0.320,-0.307,0.674
-0.377,-0.281,0.652
-0.432,-0.350,0.658
-0.459,-0.459,0.656
-0.475,-0.520,0.680
-0.459,-0.584,0.762
-0.484,-0.645,0.832
-0.492,-0.732,0.918
-0.563,-0.688,0.967
-0.611,-0.699,1.025
-0.713,-0.729,1.121
-0.787,-0.723,1.186
-0.688,-0.660,1.158
-0.537,-0.660,1.057
-0.639,-0.605,1.055
-0.762,-0.516,1.047
-0.777,-0.508,1.053
-0.744,-0.545,1.084
-0.723,-0.555,1.031
-0.691,-0.449,0.934
-0.625,-0.344,0.873
-0.568,-0.262,0.771
-0.566,-0.215,0.703
-0.605,-0.215,0.609
-0.637,-0.246,0.523
-0.660,-0.254,0.449
-0.695,-0.275,0.436
-0.725,-0.338,0.453
-0.760,-0.420,0.461
-0.762,-0.494,0.512
-0.814,-0.275,0.521
-0.869,-0.131,0.635
-0.889,-0.059,0.678
-1.064,-0.023,0.752
-1.107,0.000,0.717
-0.807,0.092,0.719
-0.555,0.119,0.818
-0.537,0.000,0.990
-0.762,-0.318,1.020
-0.928,-0.555,0.771
-0.887,-0.617,0.498
-0.689,-0.578,0.410
-0.529,-0.455,0.590
-0.438,-0.275,0.689
-0.402,-0.316,0.723
-0.451,-0.457,0.557
-0.469,-0.582,0.477
-0.523,-0.578,0.443
-0.561,-0.561,0.529
-0.574,-0.555,0.639
-0.566,-0.607,0.697
-0.531,-0.680,0.725
-0.518,-0.715,0.779
-0.584,-0.723,0.842
-0.664,-0.709,0.918
-0.803,-0.787,1.020
-0.965,-0.799,1.072
-0.891,-0.756,1.090
-0.662,-0.756,1.002
-0.686,-0.727,1.021
-0.861,-0.631,0.982
-0.943,-0.557,0.975
-0.877,-0.555,0.957
-0.770,-0.520,0.914
-0.678,-0.473,0.869
-0.623,-0.424,0.789
-0.611,-0.404,0.727
-0.635,-0.391,0.682
-0.662,-0.371,0.648
-0.684,-0.318,0.643
-0.711,-0.262,0.633
-0.738,-0.223,0.619
-0.734,-0.166,0.592
-0.701,-0.113,0.541
-0.668,-0.082,0.504
-0.646,-0.059,0.480
-0.682,-0.092,0.508
-0.727,-0.148,0.502
-0.754,-0.191,0.525
-0.881,-0.240,0.578
-0.969,-0.266,0.570
-0.785,-0.248,0.563
-0.633,-0.303,0.701
-0.668,-0.330,0.764
-0.859,-0.357,0.807
-0.973,-0.424,0.807
-0.916,-0.482,0.795
-0.738,-0.506,0.793
-0.582,-0.469,0.760
-0.527,-0.434,0.650
-0.494,-0.498,0.586
-0.465,-0.566,0.572
-0.479,-0.613,0.531
-0.498,-0.604,0.580
-0.543,-0.600,0.605
-0.598,-0.637,0.684
-0.615,-0.676,0.756
-0.602,-0.748,0.783
-0.586,-0.814,0.832
-0.568,-0.783,0.898
-0.621,-0.797,0.967
-0.664,-0.902,0.963
-0.746,-0.967,0.988
-0.863,-0.957,1.051
-0.850,-0.857,1.115
-0.709,-0.797,1.021
-0.611,-0.779,0.975
-0.707,-0.732,0.918
-0.852,-0.615,0.898
-0.898,-0.492,0.875
-0.834,-0.430,0.863
-0.742,-0.422,0.850
-0.738,-0.424,0.744
-0.711,-0.406,0.682
-0.678,-0.385,0.660
-0.650,-0.352,0.629
-0.609,-0.326,0.607
-0.615,-0.262,0.584
-0.639,-0.199,0.566
-0.656,-0.160,0.523
-0.678,-0.135,0.521
-0.680,-0.115,0.516
-0.662,-0.105,0.529
-0.637,-0.102,0.547
-0.680,-0.129,0.566
-0.764,-0.148,0.580
-0.912,-0.176,0.633
-1.041,-0.156,0.660
-0.967,-0.143,0.697
-0.719,-0.145,0.682
-0.549,-0.273,0.762
-0.607,-0.463,0.791
-0.820,-0.594,0.789
-0.936,-0.615,0.771
-0.828,-0.586,0.779
-0.660,-0.533,0.824
-0.559,-0.426,0.748
-0.525,-0.467,0.711
-0.498,-0.613,0.613
-0.490,-0.686,0.584
-0.535,-0.635,0.564
-0.582,-0.668,0.594
-0.607,-0.797,0.645
-0.602,-0.877,0.682
-0.559,-0.908,0.748
-0.521,-0.873,0.766
-0.555,-0.863,0.824
-0.676,-0.842,0.836
-0.725,-0.830,0.902
-0.799,-0.828,1.016
-0.879,-0.809,1.092
-0.891,-0.785,1.160
-0.725,-0.867,1.031
-0.600,-0.887,1.039
-0.680,-0.803,1.047
-0.822,-0.650,1.090
-0.875,-0.531,0.982
-0.832,-0.449,0.898
-0.775,-0.434,0.848
-0.697,-0.369,0.816
-0.688,-0.307,0.742
-0.648,-0.248,0.664
-0.676,-0.219,0.648
-0.688,-0.254,0.648
-0.707,-0.234,0.641
-0.697,-0.170,0.557
-0.705,-0.090,0.525
-0.721,-0.041,0.449
-0.678,-0.057,0.414
-0.633,-0.072,0.422
-0.613,-0.082,0.441
-0.660,-0.084,0.498
-0.750,-0.096,0.477
-0.818,-0.227,0.570
-1.008,-0.324,0.631
-0.998,-0.553,0.617
-0.986,-0.197,0.498
-0.633,-0.346,0.822
-0.652,-0.574,0.975
-0.844,-0.664,0.887
-0.943,-0.631,0.770
-0.873,-0.590,0.713
-0.719,-0.623,0.775
-0.531,-0.578,0.807
-0.471,-0.564,0.727
-0.432,-0.676,0.693
-0.438,-0.797,0.662
-0.432,-0.748,0.582
-0.398,-0.703,0.600
-0.398,-0.721,0.711
-0.418,-0.754,0.723
-0.434,-0.822,0.664
-0.441,-0.816,0.709
-0.498,-0.773,0.799
-0.602,-0.816,0.896
-0.652,-0.930,0.928
-0.611,-0.926,0.932
-0.783,-0.805,1.059
-0.918,-0.674,1.137
-0.770,-0.646,1.025
-0.600,-0.756,0.936
-0.617,-0.771,0.930
-0.783,-0.662,0.920
-0.807,-0.598,0.918
-0.730,-0.561,0.895
-0.654,-0.520,0.854
-0.598,-0.480,0.855
-0.596,-0.426,0.785
-0.604,-0.396,0.693
-0.592,-0.385,0.695
-0.615,-0.369,0.658
-0.637,-0.332,0.633
-0.654,-0.277,0.625
-0.678,-0.234,0.613
-0.684,-0.182,0.582
-0.654,-0.207,0.586
-0.629,-0.213,0.588
-0.652,-0.145,0.520
-0.689,-0.123,0.523
-0.760,-0.166,0.561
-0.926,-0.246,0.619
-0.998,-0.234,0.582
-0.758,-0.146,0.529
-0.486,-0.244,0.713
-0.518,-0.377,0.783
-0.709,-0.500,0.791
-0.910,-0.625,0.777
-0.914,-0.791,0.697
-0.715,-0.898,0.645
-0.520,-0.768,0.670
-0.426,-0.572,0.697
-0.377,-0.547,0.680
-0.373,-0.639,0.570
-0.361,-0.707,0.537
-0.420,-0.625,0.506
-0.430,-0.539,0.611
-0.459,-0.564,0.654
-0.494,-0.605,0.660
-0.480,-0.713,0.658
-0.482,-0.777,0.711
-0.555,-0.742,0.813
-0.615,-0.801,0.859
-0.598,-0.961,0.902
-0.795,-0.938,1.020
-0.928,-0.842,1.051
-0.756,-0.820,1.049
-0.600,-0.906,1.029
-0.656,-0.883,1.084
-0.785,-0.725,1.115
-0.793,-0.617,1.076
-0.740,-0.605,1.025
-0.678,-0.629,0.988
-0.645,-0.539,0.893
-0.605,-0.404,0.820
-0.592,-0.330,0.770
-0.594,-0.293,0.703
-0.609,-0.262,0.639
-0.615,-0.287,0.615
-0.637,-0.244,0.557
-0.662,-0.160,0.512
-0.670,-0.100,0.502
-0.670,-0.121,0.477
-0.617,-0.158,0.482
-0.631,-0.141,0.537
-0.660,-0.158,0.662
-0.674,-0.279,0.732
-0.814,-0.400,0.809
-0.941,-0.357,0.717
-0.750,-0.297,0.582
-0.457,-0.477,0.670
-0.418,-0.594,0.676
-0.580,-0.637,0.662
-0.732,-0.584,0.660
-0.777,-0.602,0.652
-0.678,-0.711,0.650
-0.508,-0.709,0.682
-0.432,-0.604,0.656
-0.385,-0.535,0.645
-0.379,-0.518,0.613
-0.383,-0.576,0.611
-0.400,-0.605,0.629
-0.432,-0.600,0.664
-0.484,-0.619,0.734
-0.527,-0.705,0.832
-0.500,-0.752,0.879
-0.432,-0.787,0.887
-0.410,-0.725,0.902
-0.445,-0.688,0.928
-0.510,-0.779,0.959
-0.582,-0.920,0.965
-0.855,-0.969,1.080
-0.895,-0.949,1.037
-0.648,-0.957,0.914
-0.605,-0.980,0.887
-0.732,-0.809,0.957
-0.809,-0.648,1.000
-0.775,-0.607,0.965
-0.678,-0.660,0.879
-0.613,-0.643,0.805
-0.572,-0.557,0.746
-0.543,-0.486,0.701
-0.508,-0.414,0.648
-0.537,-0.357,0.637
-0.555,-0.348,0.648
-0.576,-0.318,0.584
-0.617,-0.312,0.486
-0.648,-0.283,0.422
-0.656,-0.209,0.441
-0.619,-0.162,0.512
-0.598,-0.189,0.564
-0.668,-0.182,0.508
-0.750,-0.238,0.576
-0.734,-0.242,0.639
-0.893,-0.258,0.707
-0.961,-0.295,0.711
-0.832,-0.295,0.693
-0.688,-0.553,0.775
-0.738,-0.705,0.762
-0.807,-0.730,0.725
-0.777,-0.699,0.684
-0.652,-0.607,0.646
-0.518,-0.553,0.668
-0.459,-0.467,0.697
-0.375,-0.547,0.680
-0.326,-0.629,0.680
-0.332,-0.613,0.641
-0.338,-0.600,0.686
-0.402,-0.646,0.660
-0.424,-0.662,0.680
-0.414,-0.656,0.703
-0.383,-0.666,0.736
-0.379,-0.678,0.730
-0.389,-0.711,0.742
-0.453,-0.762,0.795
-0.563,-0.789,0.877
-0.609,-0.828,0.953
-0.863,-0.848,1.117
-0.938,-0.867,1.170
-0.814,-0.898,1.059
-0.633,-0.988,0.920
-0.670,-0.967,1.004
-0.781,-0.865,1.059
-0.768,-0.742,1.053
-0.703,-0.670,1.000
-0.656,-0.666,0.902
-0.600,-0.664,0.758
-0.535,-0.590,0.674
-0.518,-0.492,0.648
-0.512,-0.373,0.611
-0.516,-0.311,0.557
-0.557,-0.250,0.514
-0.576,-0.221,0.518
-0.605,-0.193,0.506
-0.613,-0.219,0.504
-0.627,-0.195,0.410
-0.592,-0.156,0.412
-0.561,-0.117,0.451
-0.596,-0.160,0.527
-0.650,-0.266,0.570
-0.877,-0.363,0.654
-1.053,-0.383,0.701
-0.875,-0.283,0.596
-0.658,-0.344,0.779
-0.646,-0.527,0.832
-0.764,-0.699,0.916
-0.811,-0.914,0.912
-0.693,-0.834,0.848
-0.559,-0.803,0.803
-0.434,-0.814,0.756
-0.430,-0.559,0.518
-0.324,-0.541,0.586
-0.393,-0.594,0.490
-0.377,-0.590,0.459
-0.424,-0.514,0.445
-0.441,-0.453,0.510
-0.459,-0.438,0.611
-0.469,-0.506,0.676
-0.438,-0.646,0.744
-0.463,-0.740,0.805
-0.535,-0.701,0.881
-0.584,-0.760,1.012
-0.555,-0.865,1.113
-0.689,-0.869,1.219
-0.793,-0.791,1.186
-0.586,-0.861,1.023
-0.541,-0.945,1.008
-0.607,-0.871,1.072
-0.686,-0.717,1.041
-0.639,-0.648,0.994
-0.568,-0.676,0.977
-0.523,-0.707,0.879
-0.479,-0.637,0.785
-0.449,-0.557,0.746
-0.449,-0.547,0.678
-0.482,-0.561,0.631
-0.529,-0.506,0.648
-0.539,-0.428,0.723
-0.633,-0.314,0.703
-0.686,-0.297,0.578
-0.674,-0.279,0.541
-0.664,-0.230,0.555
-0.637,-0.199,0.580
-0.635,-0.143,0.580
-0.693,-0.164,0.525
-0.787,-0.223,0.594
-0.980,-0.279,0.693
-0.857,-0.207,0.590
-0.523,-0.307,0.576
-0.490,-0.537,0.607
-0.654,-0.672,0.641
-0.781,-0.604,0.695
-0.717,-0.518,0.756
-0.564,-0.563,0.775
-0.400,-0.693,0.672
-0.432,-0.777,0.518
-0.361,-0.715,0.438
-0.309,-0.693,0.512
-0.316,-0.648,0.619
-0.355,-0.584,0.631
-0.426,-0.535,0.613
-0.465,-0.576,0.664
-0.479,-0.658,0.686
-0.459,-0.701,0.682
-0.457,-0.715,0.689
-0.541,-0.652,0.779
-0.611,-0.727,0.967
-0.674,-0.836,1.023
-0.904,-0.830,1.150
-0.820,-0.781,1.189
-0.590,-1.051,1.037
-0.559,-1.104,0.859
-0.719,-1.043,1.012
-0.881,-0.822,1.047
-0.768,-0.711,0.988
-0.609,-0.666,0.947
-0.535,-0.553,0.820
-0.475,-0.480,0.729
-0.441,-0.420,0.629
-0.424,-0.430,0.588
-0.445,-0.459,0.582
-0.482,-0.381,0.568
-0.557,-0.260,0.498
-0.613,-0.205,0.465
-0.643,-0.287,0.531
-0.666,-0.242,0.516
-0.662,-0.172,0.500
-0.670,-0.139,0.514
-0.727,-0.215,0.543
-0.785,-0.316,0.613
-0.803,-0.355,0.656
-1.031,-0.422,0.766
-0.934,-0.316,0.695
-0.639,-0.215,0.682
-0.541,-0.451,0.824
-0.625,-0.691,0.834
-0.781,-0.664,0.775
-0.748,-0.615,0.652
-0.584,-0.559,0.637
-0.436,-0.551,0.695
-0.365,-0.645,0.686
-0.387,-0.645,0.518
-0.377,-0.691,0.480
-0.379,-0.697,0.490
-0.375,-0.650,0.561
-0.400,-0.668,0.590
-0.398,-0.777,0.604
-0.389,-0.840,0.623
-0.363,-0.867,0.602
-0.404,-0.865,0.686
-0.457,-0.840,0.723
-0.574,-0.822,0.805
-0.730,-0.932,0.922
-0.979,-1.002,1.066
-0.934,-0.961,1.020
-0.672,-0.918,0.996
-0.631,-0.852,1.037
-0.783,-0.678,1.037
-0.830,-0.568,0.986
-0.715,-0.605,0.887
-0.588,-0.752,0.824
-0.488,-0.768,0.746
-0.428,-0.609,0.650
-0.408,-0.516,0.594
-0.418,-0.484,0.666
-0.510,-0.213,0.521
-0.609,-0.082,0.316
-0.590,-0.037,0.221
-0.639,-0.047,0.316
-0.664,-0.154,0.453
-0.684,-0.225,0.523
-0.670,-0.258,0.633
-0.684,-0.246,0.668
-0.752,-0.285,0.762
-0.830,-0.242,0.771
-0.977,-0.287,0.861
-1.041,-0.375,0.838
-0.717,-0.332,0.695
-0.439,-0.424,0.764
-0.455,-0.563,0.768
-0.637,-0.686,0.783
-0.766,-0.715,0.775
-0.727,-0.691,0.746
-0.537,-0.754,0.693
-0.410,-0.641,0.582
-0.367,-0.557,0.516
-0.361,-0.561,0.447
-0.373,-0.613,0.404
-0.408,-0.643,0.400
-0.432,-0.656,0.422
-0.455,-0.676,0.521
-0.467,-0.686,0.568
-0.453,-0.730,0.613
-0.432,-0.721,0.627
-0.461,-0.713,0.695
-0.543,-0.709,0.785
-0.590,-0.867,0.842
-0.738,-0.975,0.932
-0.922,-1.010,1.033
-0.793,-0.955,1.000
-0.582,-0.951,0.977
-0.598,-0.936,1.010
-0.723,-0.742,0.980
-0.795,-0.539,0.979
-0.668,-0.469,0.914
-0.574,-0.543,0.867
-0.490,-0.611,0.746
-0.461,-0.506,0.574
-0.439,-0.482,0.490
-0.396,-0.471,0.531
-0.418,-0.363,0.521
-0.490,-0.293,0.574
-0.531,-0.342,0.658
-0.604,-0.309,0.586
-0.654,-0.221,0.568
-0.680,-0.223,0.596
-0.711,-0.209,0.627
-0.721,-0.230,0.695
-0.758,-0.217,0.678
-1.029,-0.299,0.715
-1.008,-0.361,0.781
-0.830,-0.209,0.639
-0.545,-0.266,0.750
-0.537,-0.371,0.826
-0.678,-0.564,0.846
-0.750,-0.752,0.777
-0.723,-0.705,0.602
-0.555,-0.639,0.648
-0.410,-0.521,0.672
-0.283,-0.445,0.664
-0.279,-0.484,0.551
-0.297,-0.604,0.457
-0.340,-0.580,0.455
-0.375,-0.514,0.518
-0.420,-0.561,0.564
-0.484,-0.664,0.584
-0.523,-0.744,0.623
-0.533,-0.742,0.607
-0.553,-0.799,0.668
-0.633,-0.904,0.760
-0.639,-0.873,0.848
-0.678,-0.951,0.863
-0.846,-0.945,0.992
-0.852,-0.891,1.000
-0.611,-0.852,0.842
-0.570,-0.869,0.828
-0.676,-0.842,0.951
-0.777,-0.672,1.020
-0.727,-0.607,0.998
-0.600,-0.631,0.926
-0.498,-0.605,0.826
-0.428,-0.521,0.725
-0.367,-0.455,0.676
-0.350,-0.412,0.635
-0.375,-0.363,0.605
-0.406,-0.416,0.650
-0.475,-0.334,0.590
-0.537,-0.258,0.568
-0.592,-0.217,0.584
-0.631,-0.211,0.604
-0.656,-0.213,0.611
-0.689,-0.213,0.627
-0.730,-0.195,0.670
-0.754,-0.203,0.703
-1.002,-0.250,0.754
-1.025,-0.385,0.756
-0.705,-0.266,0.623
-0.537,-0.301,0.777
-0.613,-0.574,0.859
-0.785,-0.840,0.863
-0.816,-0.766,0.631
-0.693,-0.531,0.502
-0.531,-0.379,0.586
-0.424,-0.312,0.662
-0.352,-0.365,0.607
-0.303,-0.564,0.584
-0.289,-0.717,0.514
-0.346,-0.678,0.516
-0.402,-0.664,0.543
-0.445,-0.740,0.596
-0.465,-0.838,0.596
-0.471,-0.811,0.623
-0.453,-0.766,0.658
-0.461,-0.773,0.717
-0.531,-0.791,0.770
-0.598,-0.871,0.811
-0.781,-0.945,0.959
-1.006,-0.980,1.018
-0.820,-1.004,0.963
-0.580,-1.010,0.943
-0.561,-1.004,1.053
-0.754,-0.793,1.104
-0.793,-0.598,1.066
-0.715,-0.508,0.982
-0.611,-0.541,0.922
-0.533,-0.566,0.818
-0.498,-0.506,0.707
-0.447,-0.486,0.648
-0.439,-0.463,0.621
-0.475,-0.398,0.580
-0.514,-0.320,0.566
-0.557,-0.254,0.576
-0.625,-0.195,0.592
-0.641,-0.172,0.572
-0.639,-0.115,0.547
-0.629,-0.078,0.555
-0.680,-0.088,0.633
-0.756,-0.164,0.662
-0.867,-0.264,0.746
-1.004,-0.354,0.816
-0.916,-0.287,0.762
-0.527,-0.217,0.727
-0.381,-0.332,0.842
-0.473,-0.568,0.811
-0.715,-0.730,0.734
-0.836,-0.832,0.631
-0.721,-0.846,0.549
-0.518,-0.787,0.578
-0.402,-0.682,0.559
-0.348,-0.549,0.484
-0.305,-0.516,0.520
-0.307,-0.531,0.525
-0.355,-0.547,0.520
-0.402,-0.586,0.531
-0.436,-0.633,0.555
-0.443,-0.676,0.580
-0.451,-0.730,0.584
-0.461,-0.777,0.621
-0.510,-0.791,0.705
-0.580,-0.873,0.811
-0.584,-0.998,0.896
-0.594,-1.045,0.957
-0.797,-0.994,1.092
-0.746,-0.867,1.111
-0.525,-0.910,0.986
-0.535,-0.975,1.010
-0.711,-0.840,1.035
-0.758,-0.754,1.090
-0.666,-0.717,0.994
-0.561,-0.670,0.881
-0.490,-0.676,0.838
-0.475,-0.549,0.701
-0.467,-0.441,0.609
-0.438,-0.428,0.623
-0.488,-0.369,0.631
-0.549,-0.299,0.611
-0.621,-0.285,0.635
-0.641,-0.303,0.637
-0.678,-0.246,0.561
-0.689,-0.225,0.541
-0.674,-0.176,0.533
-0.686,-0.158,0.551
-0.750,-0.152,0.561
-0.775,-0.203,0.604
-0.930,-0.322,0.682
-0.898,-0.312,0.588
-0.594,-0.189,0.537
-0.428,-0.355,0.734
-0.541,-0.609,0.746
-0.773,-0.793,0.730
-0.881,-0.795,0.664
-0.787,-0.656,0.672
-0.600,-0.576,0.697
-0.434,-0.586,0.736
-0.354,-0.582,0.676
-0.355,-0.600,0.510
-0.387,-0.646,0.449
-0.410,-0.676,0.447
-0.418,-0.707,0.500
-0.424,-0.785,0.557
-0.430,-0.869,0.574
-0.438,-0.852,0.574
-0.436,-0.820,0.645
-0.486,-0.846,0.754
-0.531,-0.906,0.779
-0.570,-0.961,0.811
-0.773,-0.975,0.980
-0.936,-0.834,1.064
-0.783,-0.768,0.992
-0.658,-0.848,0.938
-0.705,-0.816,0.922
-0.764,-0.701,0.902
-0.670,-0.660,0.908
-0.584,-0.643,0.863
-0.490,-0.596,0.771
-0.420,-0.549,0.680
-0.357,-0.523,0.596
-0.334,-0.521,0.564
-0.395,-0.482,0.570
-0.480,-0.395,0.541
-0.549,-0.328,0.564
-0.588,-0.287,0.609
-0.639,-0.275,0.613
-0.678,-0.209,0.563
-0.707,-0.162,0.545
-0.725,-0.168,0.553
-0.766,-0.209,0.623
-0.787,-0.271,0.680
-0.850,-0.303,0.703
-0.938,-0.379,0.762
-0.789,-0.408,0.645
-0.547,-0.455,0.662
-0.566,-0.447,0.707
-0.717,-0.471,0.871
-0.771,-0.746,0.869
-0.691,-0.764,0.746
-0.545,-0.658,0.645
-0.438,-0.523,0.592
-0.379,-0.463,0.502
-0.354,-0.559,0.441
-0.340,-0.615,0.418
-0.346,-0.682,0.479
-0.350,-0.697,0.584
-0.387,-0.732,0.613
-0.416,-0.910,0.656
-0.432,-0.914,0.680
-0.387,-0.807,0.730
-0.395,-0.740,0.756
-0.461,-0.809,0.793
-0.529,-0.992,0.811
-0.598,-1.021,0.787
-0.797,-0.938,0.963
-0.650,-0.846,1.045
-0.561,-1.072,0.893
-0.832,-1.240,0.785
-0.916,-1.180,1.072
-0.850,-1.029,1.172
-0.684,-0.873,1.113
-0.564,-0.664,0.977
-0.563,-0.527,0.713
-0.500,-0.391,0.721
-0.428,-0.219,0.807
-0.486,-0.348,0.602
-0.578,-0.293,0.529
-0.621,-0.275,0.537
-0.672,-0.258,0.469
-0.664,-0.311,0.441
-0.656,-0.309,0.498
-0.686,-0.197,0.467
-0.742,-0.145,0.455
-0.736,-0.236,0.512
-0.727,-0.238,0.453
-0.863,-0.275,0.529
-0.955,-0.180,0.563
-0.795,-0.088,0.486
-0.549,-0.238,0.570
-0.572,-0.479,0.682
-0.789,-0.504,0.658
-0.936,-0.477,0.650
-0.906,-0.559,0.695
-0.738,-0.713,0.787
-0.570,-0.771,0.811
-0.434,-0.846,0.701
-0.428,-0.840,0.559
-0.383,-0.803,0.506
-0.369,-0.670,0.590
-0.396,-0.652,0.633
-0.480,-0.793,0.611
-0.537,-0.926,0.584
-0.553,-0.980,0.596
-0.494,-0.967,0.656
-0.475,-0.945,0.799
-0.518,-0.965,0.914
-0.543,-1.027,0.932
-0.598,-1.045,0.998
-0.799,-1.004,1.139
-0.742,-0.867,1.125
-0.537,-0.900,0.928
-0.553,-0.912,0.896
-0.711,-0.803,0.980
-0.771,-0.691,1.037
-0.707,-0.793,1.006
-0.637,-0.797,0.943
-0.590,-0.682,0.939
-0.539,-0.504,0.879
-0.494,-0.357,0.830
-0.498,-0.316,0.768
-0.492,-0.377,0.764
-0.566,-0.328,0.656
-0.613,-0.295,0.619
-0.658,-0.238,0.611
-0.703,-0.186,0.602
-0.730,-0.197,0.588
-0.775,-0.309,0.574
-0.830,-0.268,0.529
-0.797,-0.242,0.580
-0.904,-0.238,0.641
-0.998,-0.232,0.664
-0.789,-0.191,0.564
-0.494,-0.268,0.643
-0.529,-0.244,0.695
-0.678,-0.275,0.754
-0.740,-0.404,0.777
-0.738,-0.529,0.674
-0.586,-0.682,0.645
-0.471,-0.633,0.629
-0.398,-0.535,0.635
-0.393,-0.520,0.564
-0.436,-0.557,0.520
-0.428,-0.635,0.508
-0.535,-0.602,0.531
-0.568,-0.641,0.631
-0.602,-0.701,0.680
-0.580,-0.871,0.754
-0.555,-0.961,0.750
-0.564,-0.959,0.807
-0.615,-0.947,0.846
-0.602,-1.025,0.900
-0.660,-1.096,0.932
-0.818,-1.025,0.990
-0.748,-0.980,0.928
-0.602,-1.004,0.795
-0.627,-0.986,0.840
-0.764,-0.828,0.912
-0.785,-0.713,0.959
-0.689,-0.701,0.941
-0.580,-0.723,0.875
-0.518,-0.629,0.801
-0.438,-0.490,0.717
-0.418,-0.418,0.676
-0.371,-0.424,0.631
-0.506,-0.316,0.535
-0.564,-0.238,0.520
-0.598,-0.240,0.512
-0.588,-0.254,0.529
-0.617,-0.258,0.582
-0.658,-0.240,0.625
-0.668,-0.285,0.689
-0.707,-0.312,0.723
-0.732,-0.320,0.711
-0.795,-0.318,0.699
-1.014,-0.326,0.729
-1.068,-0.324,0.730
-0.781,-0.258,0.713
-0.646,-0.199,0.813
-0.658,-0.273,0.957
-0.881,-0.295,0.771
-0.865,-0.430,0.709
-0.766,-0.527,0.582
-0.627,-0.529,0.512
-0.561,-0.465,0.518
-0.535,-0.449,0.527
-0.494,-0.553,0.531
-0.490,-0.656,0.479
-0.449,-0.771,0.551
-0.430,-0.852,0.578
-0.439,-0.969,0.598
-0.449,-1.049,0.617
-0.473,-1.064,0.605
-0.441,-0.980,0.594
-0.443,-0.865,0.639
-0.484,-0.828,0.689
-0.539,-0.881,0.730
-0.666,-1.023,0.844
-0.793,-1.068,0.895
-0.689,-1.117,0.873
-0.600,-1.088,0.914
-0.646,-0.936,0.975
-0.693,-0.836,1.033
-0.695,-0.836,1.043
-0.691,-0.863,1.039
-0.701,-0.777,0.969
-0.656,-0.688,0.809
-0.570,-0.568,0.691
-0.529,-0.512,0.680
-0.533,-0.379,0.658
-0.563,-0.246,0.580
-0.588,-0.193,0.490
-0.619,-0.203,0.457
-0.678,-0.248,0.480
-0.689,-0.240,0.537
-0.705,-0.201,0.549
-0.768,-0.187,0.592
-0.783,-0.193,0.605
-0.734,-0.211,0.631
-0.857,-0.291,0.664
-0.928,-0.262,0.723
-0.764,-0.291,0.602
-0.545,-0.430,0.648
-0.543,-0.469,0.635
-0.604,-0.518,0.658
-0.693,-0.643,0.709
-0.686,-0.828,0.691
-0.588,-0.902,0.680
-0.500,-0.729,0.619
-0.428,-0.584,0.592
-0.389,-0.609,0.572
-0.352,-0.680,0.496
-0.398,-0.686,0.467
-0.367,-0.691,0.555
-0.354,-0.705,0.611
-0.348,-0.715,0.732
-0.342,-0.842,0.631
-0.396,-0.906,0.514
-0.451,-0.846,0.543
-0.494,-0.811,0.648
-0.574,-0.904,0.748
-0.645,-1.109,0.814
-0.738,-1.117,0.859
-0.660,-1.018,0.898
-0.498,-0.998,0.922
-0.514,-1.014,1.004
-0.596,-0.865,0.994
-0.670,-0.813,0.996
-0.686,-0.885,0.949
-0.645,-0.902,0.916
-0.609,-0.807,0.857
-0.547,-0.688,0.832
-0.482,-0.619,0.781
-0.449,-0.531,0.746
-0.473,-0.416,0.699
-0.496,-0.332,0.695
-0.529,-0.270,0.678
-0.566,-0.215,0.594
-0.566,-0.354,0.598
-0.578,-0.391,0.641
-0.600,-0.311,0.678
-0.613,-0.234,0.697
-0.639,-0.307,0.758
-0.670,-0.375,0.682
-0.820,-0.338,0.670
-0.955,-0.281,0.592
-0.711,-0.328,0.592
-0.412,-0.418,0.689
-0.439,-0.369,0.740
-0.664,-0.447,0.729
-0.727,-0.512,0.672
-0.723,-0.518,0.580
-0.592,-0.635,0.586
-0.520,-0.613,0.529
-0.479,-0.555,0.484
-0.480,-0.545,0.471
-0.490,-0.609,0.467
-0.484,-0.648,0.453
-0.498,-0.664,0.461
-0.510,-0.705,0.529
-0.502,-0.789,0.668
-0.475,-0.834,0.723
-0.432,-0.875,0.740
-0.445,-0.852,0.785
-0.521,-0.867,0.889
-0.555,-0.930,0.889
-0.693,-1.117,0.969
-0.793,-1.201,1.059
-0.658,-1.252,0.982
-0.496,-1.145,0.859
-0.520,-0.961,0.934
-0.652,-0.762,1.014
-0.689,-0.678,1.035
-0.625,-0.727,0.996
-0.574,-0.766,0.898
-0.531,-0.750,0.830
-0.484,-0.637,0.760
-0.449,-0.549,0.719
-0.443,-0.463,0.688
-0.475,-0.393,0.648
-0.523,-0.334,0.629
-0.543,-0.330,0.619
-0.561,-0.303,0.582
-0.594,-0.254,0.578
-0.623,-0.193,0.555
-0.631,-0.180,0.551
-0.662,-0.199,0.570
-0.688,-0.217,0.588
-0.701,-0.336,0.652
-0.783,-0.449,0.711
-0.908,-0.510,0.701
-0.732,-0.482,0.650
-0.436,-0.500,0.664
-0.338,-0.551,0.727
-0.527,-0.504,0.732
-0.730,-0.531,0.805
-0.705,-0.695,0.789
-0.580,-0.773,0.701
-0.445,-0.756,0.658
-0.383,-0.670,0.543
-0.355,-0.609,0.451
-0.338,-0.664,0.424
-0.348,-0.648,0.387
-0.361,-0.576,0.416
-0.365,-0.541,0.461
-0.379,-0.652,0.494
-0.410,-0.777,0.498
-0.432,-0.842,0.545
-0.449,-0.857,0.570
-0.484,-0.887,0.715
-0.545,-0.848,0.805
-0.531,-0.854,0.863
-0.643,-0.980,0.977
-0.684,-1.000,0.969
-0.594,-1.094,0.912
-0.496,-1.203,0.879
-0.525,-1.176,0.912
-0.609,-0.951,0.955
-0.650,-0.887,0.990
-0.631,-1.018,0.979
-0.635,-1.047,0.918
-0.607,-0.941,0.818
-0.561,-0.740,0.725
-0.520,-0.549,0.699
-0.482,-0.420,0.715
-0.512,-0.363,0.760
-0.527,-0.387,0.711
-0.586,-0.273,0.553
-0.602,-0.201,0.482
-0.615,-0.137,0.443
-0.621,-0.127,0.418
-0.582,-0.223,0.465
-0.629,-0.211,0.449
-0.672,-0.186,0.523
-0.678,-0.252,0.592
-0.779,-0.383,0.652
-0.891,-0.334,0.582
-0.684,-0.324,0.531
-0.441,-0.518,0.688
-0.480,-0.418,0.760
-0.648,-0.463,0.850
-0.785,-0.637,0.822
-0.748,-0.904,0.756
-0.643,-0.846,0.713
-0.461,-0.729,0.730
-0.377,-0.623,0.674
-0.369,-0.668,0.600
-0.369,-0.734,0.539
-0.363,-0.729,0.510
-0.404,-0.650,0.508
-0.443,-0.699,0.525
-0.447,-0.832,0.520
-0.453,-0.963,0.479
-0.459,-0.992,0.523
-0.473,-0.955,0.658
-0.520,-1.008,0.824
-0.547,-1.137,0.873
-0.572,-1.209,0.910
-0.750,-1.031,1.053
-0.701,-0.953,1.102
-0.570,-0.980,0.912
-0.564,-0.957,0.863
-0.652,-0.803,0.910
-0.678,-0.664,0.943
-0.629,-0.719,0.975
-0.580,-0.770,0.922
-0.537,-0.764,0.785
-0.506,-0.666,0.646
-0.469,-0.555,0.611
-0.467,-0.482,0.652
-0.469,-0.457,0.668
-0.533,-0.342,0.512
-0.602,-0.289,0.453
-0.701,-0.311,0.604
-0.650,-0.410,0.660
-0.668,-0.309,0.582
-0.686,-0.127,0.523
-0.664,-0.088,0.570
-0.701,-0.246,0.572
-0.736,-0.354,0.561
-0.809,-0.420,0.611
-0.980,-0.404,0.658
-0.832,-0.256,0.586
-0.541,-0.328,0.625
-0.496,-0.590,0.758
-0.650,-0.604,0.773
-0.777,-0.551,0.783
-0.754,-0.564,0.693
-0.641,-0.588,0.629
-0.486,-0.625,0.586
-0.451,-0.584,0.520
-0.467,-0.631,0.391
-0.447,-0.719,0.363
-0.467,-0.709,0.377
-0.461,-0.689,0.443
-0.471,-0.682,0.518
-0.492,-0.658,0.535
-0.479,-0.738,0.549
-0.455,-0.801,0.561
-0.492,-0.813,0.615
-0.584,-0.836,0.705
-0.625,-1.021,0.770
-0.621,-1.213,0.783
-0.842,-1.189,0.893
-0.848,-1.061,0.953
-0.699,-1.068,0.979
-0.617,-1.219,0.930
-0.596,-1.143,0.971
-0.598,-0.971,0.990
-0.539,-0.785,0.961
-0.488,-0.629,0.834
-0.451,-0.598,0.773
-0.424,-0.615,0.766
-0.408,-0.607,0.738
-0.467,-0.465,0.627
-0.537,-0.393,0.635
-0.602,-0.316,0.629
-0.658,-0.266,0.625
-0.709,-0.287,0.615
-0.686,-0.354,0.559
-0.709,-0.244,0.496
-0.676,-0.197,0.512
-0.654,-0.199,0.529
-0.701,-0.332,0.611
-0.744,-0.354,0.580
-0.756,-0.365,0.602
-0.926,-0.350,0.654
-0.893,-0.299,0.609
-0.662,-0.387,0.684
-0.605,-0.480,0.680
-0.648,-0.473,0.678
-0.688,-0.523,0.748
-0.676,-0.559,0.717
-0.570,-0.551,0.676
-0.518,-0.543,0.631
-0.484,-0.609,0.527
-0.455,-0.713,0.395
-0.441,-0.715,0.365
-0.430,-0.693,0.453
-0.410,-0.734,0.572
-0.420,-0.701,0.602
-0.428,-0.793,0.570
-0.441,-0.885,0.609
-0.467,-0.896,0.668
-0.500,-0.762,0.686
-0.578,-0.639,0.705
-0.639,-0.711,0.717
-0.656,-0.807,0.742
-0.748,-0.896,0.889
-0.844,-0.852,0.934
-0.686,-0.904,0.828
-0.533,-0.988,0.783
-0.625,-0.904,0.840
-0.740,-0.777,0.912
-0.721,-0.754,0.949
-0.656,-0.850,0.855
-0.564,-0.861,0.771
-0.523,-0.701,0.689
-0.482,-0.602,0.693
-0.453,-0.529,0.656
-0.451,-0.473,0.643
-0.469,-0.469,0.629
-0.475,-0.455,0.613
-0.520,-0.404,0.580
-0.555,-0.352,0.559
-0.604,-0.309,0.576
-0.633,-0.258,0.586
-0.662,-0.266,0.605
-0.723,-0.277,0.629
-0.754,-0.291,0.645
-0.748,-0.332,0.676
-0.928,-0.406,0.717
-0.934,-0.404,0.664
-0.607,-0.377,0.617
-0.449,-0.506,0.709
-0.510,-0.590,0.771
-0.668,-0.574,0.811
-0.721,-0.578,0.758
-0.627,-0.670,0.748
-0.502,-0.652,0.688
-0.412,-0.701,0.639
-0.363,-0.590,0.514
-0.342,-0.529,0.457
-0.342,-0.498,0.461
-0.398,-0.457,0.451
-0.342,-0.646,0.543
-0.443,-0.684,0.443
-0.465,-0.711,0.443
-0.484,-0.682,0.486
-0.486,-0.656,0.625
-0.566,-0.770,0.705
-0.643,-0.828,0.707
-0.650,-0.920,0.744
-0.758,-0.936,0.889
-0.613,-0.994,1.137
-0.795,-0.906,1.057
-0.543,-1.014,0.932
-0.590,-0.986,0.965
-0.740,-0.818,0.982
-0.738,-0.660,0.951
-0.627,-0.602,0.887
-0.525,-0.611,0.836
-0.471,-0.631,0.803
-0.467,-0.531,0.668
-0.457,-0.471,0.627
-0.459,-0.434,0.596
-0.480,-0.436,0.607
-0.525,-0.375,0.605
-0.553,-0.350,0.617
-0.582,-0.316,0.637
-0.602,-0.232,0.574
-0.625,-0.201,0.570
-0.645,-0.195,0.580
-0.691,-0.234,0.602
-0.754,-0.305,0.639
-0.781,-0.322,0.650
-0.861,-0.381,0.697
-0.896,-0.416,0.652
-0.656,-0.381,0.572
-0.465,-0.461,0.627
-0.492,-0.543,0.666
-0.660,-0.564,0.742
-0.754,-0.510,0.705
-0.707,-0.545,0.631
-0.564,-0.734,0.682
-0.424,-0.805,0.643
-0.330,-0.709,0.586
-0.342,-0.600,0.494
-0.361,-0.600,0.512
-0.396,-0.617,0.525
-0.398,-0.623,0.549
-0.402,-0.629,0.607
-0.412,-0.656,0.625
-0.420,-0.750,0.695
-0.430,-0.752,0.623
-0.457,-0.723,0.662
-0.531,-0.744,0.711
-0.584,-0.848,0.738
-0.686,-0.930,0.830
-0.877,-0.885,0.947
-0.836,-0.828,0.955
-0.627,-0.822,0.895
-0.580,-0.844,0.922
-0.652,-0.736,0.902
-0.701,-0.664,0.906
-0.676,-0.672,0.863
-0.613,-0.641,0.838
-0.541,-0.568,0.771
-0.504,-0.459,0.680
-0.439,-0.432,0.617
-0.416,-0.453,0.541
-0.438,-0.490,0.516
-0.494,-0.443,0.490
-0.533,-0.400,0.482
-0.564,-0.354,0.455
-0.598,-0.348,0.480
-0.658,-0.371,0.535
-0.715,-0.357,0.527
-0.764,-0.365,0.561
-0.830,-0.398,0.645
-0.887,-0.447,0.742
-0.980,-0.525,0.805
-0.832,-0.434,0.729
-0.533,-0.438,0.738
-0.488,-0.508,0.729
-0.535,-0.576,0.750
-0.613,-0.730,0.717
-0.611,-0.871,0.654
-0.514,-0.939,0.654
-0.424,-0.727,0.596
-0.354,-0.561,0.559
-0.314,-0.506,0.510
-0.295,-0.523,0.482
-0.311,-0.545,0.467
-0.344,-0.557,0.467
-0.387,-0.557,0.520
-0.402,-0.586,0.537
-0.400,-0.641,0.588
-0.393,-0.646,0.617
-0.383,-0.654,0.637
-0.430,-0.688,0.674
-0.537,-0.764,0.744
-0.600,-0.865,0.750
-0.754,-0.889,0.801
-0.850,-0.773,0.863
-0.717,-0.791,0.869
-0.648,-0.875,0.805
-0.676,-0.869,0.787
-0.707,-0.842,0.816
-0.658,-0.799,0.783
-0.563,-0.689,0.729
-0.453,-0.625,0.658
-0.402,-0.574,0.555
-0.379,-0.504,0.455
-0.361,-0.469,0.404
-0.346,-0.535,0.418
-0.381,-0.596,0.418
-0.422,-0.654,0.424
-0.488,-0.576,0.477
-0.566,-0.488,0.551
-0.637,-0.447,0.619
-0.744,-0.455,0.701
-0.709,-0.492,0.713
-0.678,-0.586,0.707
-0.682,-0.596,0.697
-0.908,-0.594,0.758
-0.875,-0.660,0.822
-0.676,-0.566,0.754
-0.428,-0.535,0.709
-0.430,-0.465,0.656
-0.547,-0.578,0.637
-0.600,-0.852,0.609
-0.602,-0.875,0.520
-0.500,-0.781,0.529
-0.432,-0.572,0.424
-0.367,-0.504,0.354
-0.318,-0.506,0.369
-0.314,-0.457,0.330
-0.320,-0.469,0.334
-0.324,-0.574,0.389
-0.354,-0.660,0.459
-0.361,-0.752,0.510
-0.363,-0.754,0.572
-0.365,-0.666,0.600
-0.381,-0.637,0.646
-0.463,-0.668,0.725
-0.539,-0.779,0.771
-0.691,-0.902,0.834
-0.910,-0.867,0.916
-0.777,-0.865,0.904
-0.662,-0.830,0.867
-0.668,-0.795,0.824
-0.717,-0.805,0.844
-0.693,-0.842,0.814
-0.615,-0.820,0.805
-0.553,-0.656,0.699
-0.453,-0.533,0.582
-0.371,-0.510,0.531
-0.320,-0.533,0.482
-0.355,-0.492,0.383
-0.389,-0.508,0.363
-0.447,-0.494,0.367
-0.496,-0.488,0.445
-0.547,-0.463,0.482
-0.578,-0.459,0.557
-0.621,-0.451,0.613
-0.695,-0.488,0.680
-0.736,-0.572,0.756
-0.715,-0.650,0.750
-0.830,-0.650,0.770
-0.887,-0.547,0.748
-0.611,-0.514,0.666
-0.428,-0.551,0.621
-0.461,-0.523,0.629
-0.586,-0.605,0.686
-0.672,-0.846,0.656
-0.629,-0.918,0.551
-0.518,-0.813,0.551
-0.424,-0.545,0.494
-0.324,-0.439,0.453
-0.287,-0.480,0.455
-0.291,-0.529,0.377
-0.318,-0.564,0.375
-0.326,-0.592,0.412
-0.338,-0.641,0.449
-0.354,-0.748,0.467
-0.371,-0.773,0.496
-0.381,-0.783,0.549
-0.434,-0.754,0.619
-0.500,-0.727,0.713
-0.559,-0.822,0.773
-0.732,-0.924,0.867
-0.865,-0.912,0.893
-0.803,-0.900,0.906
-0.582,-0.924,0.846
-0.553,-0.887,0.793
-0.617,-0.848,0.744
-0.676,-0.756,0.729
-0.646,-0.752,0.746
-0.588,-0.695,0.715
-0.520,-0.635,0.668
-0.461,-0.518,0.588
-0.412,-0.449,0.523
-0.371,-0.488,0.498
-0.365,-0.486,0.447
-0.389,-0.459,0.447
-0.418,-0.436,0.461
-0.449,-0.430,0.484
-0.498,-0.416,0.520
-0.549,-0.414,0.568
-0.572,-0.451,0.619
-0.602,-0.463,0.656
-0.689,-0.539,0.695
-0.758,-0.615,0.699
-0.869,-0.652,0.758
-0.971,-0.648,0.756
-0.785,-0.600,0.709
-0.383,-0.656,0.656
-0.303,-0.691,0.611
-0.404,-0.656,0.611
-0.576,-0.746,0.629
-0.621,-0.971,0.588
-0.535,-1.062,0.566
-0.400,-0.850,0.527
-0.311,-0.613,0.482
-0.256,-0.467,0.469
-0.244,-0.434,0.461
-0.281,-0.455,0.408
-0.330,-0.500,0.381
-0.367,-0.535,0.414
-0.389,-0.613,0.463
-0.400,-0.684,0.498
-0.395,-0.684,0.545
-0.375,-0.652,0.623
-0.410,-0.705,0.707
-0.500,-0.797,0.770
-0.564,-0.873,0.801
-0.752,-0.922,0.887
-0.791,-0.836,0.902
-0.617,-0.797,0.875
-0.480,-0.869,0.832
-0.559,-0.852,0.791
-0.662,-0.723,0.830
-0.629,-0.730,0.846
-0.555,-0.838,0.857
-0.449,-0.867,0.824
-0.381,-0.760,0.779
-0.326,-0.668,0.723
-0.328,-0.563,0.645
-0.357,-0.516,0.611
-0.393,-0.543,0.613
-0.443,-0.521,0.563
-0.537,-0.438,0.502
-0.584,-0.373,0.518
-0.602,-0.318,0.527
-0.602,-0.316,0.549
-0.586,-0.363,0.580
-0.654,-0.332,0.594
-0.713,-0.363,0.635
-0.729,-0.416,0.666
-0.912,-0.469,0.721
-0.895,-0.488,0.729
-0.527,-0.506,0.729
-0.396,-0.463,0.754
-0.547,-0.340,0.789
-0.682,-0.363,0.816
-0.713,-0.549,0.754
-0.639,-0.748,0.674
-0.547,-0.729,0.629
-0.428,-0.633,0.617
-0.316,-0.594,0.621
-0.285,-0.725,0.617
-0.342,-0.787,0.488
-0.396,-0.656,0.408
-0.396,-0.549,0.521
-0.383,-0.605,0.660
-0.395,-0.707,0.697
-0.408,-0.727,0.691
-0.361,-0.797,0.727
-0.402,-0.834,0.711
-0.486,-0.861,0.730
-0.623,-0.850,0.760
-0.691,-1.043,0.861
-0.922,-1.020,1.031
-0.836,-1.025,0.965
-0.596,-1.033,0.813
-0.563,-0.977,0.811
-0.662,-0.826,0.857
-0.729,-0.656,0.895
-0.693,-0.602,0.895
-0.621,-0.641,0.889
-0.545,-0.646,0.809
-0.480,-0.586,0.729
-0.455,-0.516,0.691
-0.428,-0.445,0.650
-0.436,-0.375,0.656
-0.461,-0.391,0.645
-0.508,-0.383,0.656
-0.549,-0.342,0.615
-0.568,-0.266,0.572
-0.564,-0.199,0.559
-0.566,-0.199,0.561
-0.580,-0.215,0.564
-0.635,-0.184,0.529
-0.684,-0.244,0.566
-0.863,-0.414,0.666
-1.000,-0.414,0.715
-0.773,-0.258,0.643
-0.494,-0.354,0.752
-0.584,-0.500,0.867
-0.719,-0.750,0.949
-0.807,-0.980,0.873
-0.707,-1.031,0.676
-0.563,-0.832,0.619
-0.459,-0.547,0.557
-0.361,-0.385,0.539
-0.320,-0.373,0.496
-0.314,-0.535,0.414
-0.338,-0.658,0.322
-0.412,-0.619,0.291
-0.445,-0.627,0.445
-0.443,-0.691,0.561
-0.477,-0.775,0.592
-0.482,-0.855,0.654
-0.453,-0.896,0.727
-0.471,-0.834,0.820
-0.516,-0.861,0.955
-0.518,-1.012,0.959
-0.670,-1.041,1.045
-0.781,-0.988,1.082
-0.564,-1.033,1.020
-0.494,-1.018,0.879
-0.510,-0.938,0.926
-0.658,-0.746,0.957
-0.688,-0.648,0.979
-0.617,-0.605,0.920
-0.531,-0.668,0.904
-0.490,-0.594,0.826
-0.467,-0.502,0.754
-0.449,-0.436,0.693
-0.449,-0.373,0.676
-0.490,-0.355,0.672
-0.520,-0.383,0.674
-0.537,-0.379,0.650
-0.568,-0.285,0.584
-0.588,-0.223,0.586
-0.590,-0.199,0.588
-0.584,-0.199,0.594
-0.617,-0.254,0.629
-0.699,-0.207,0.580
-0.754,-0.281,0.648
-0.838,-0.408,0.730
-0.943,-0.418,0.717
-0.756,-0.312,0.643
-0.484,-0.363,0.746
-0.457,-0.465,0.828
-0.639,-0.572,0.842
-0.744,-0.699,0.854
-0.686,-0.795,0.746
-0.545,-0.766,0.670
-0.428,-0.650,0.654
-0.367,-0.490,0.590
-0.355,-0.512,0.551
-0.326,-0.627,0.477
-0.334,-0.633,0.449
-0.355,-0.539,0.484
-0.396,-0.518,0.572
-0.428,-0.586,0.619
-0.426,-0.691,0.656
-0.422,-0.756,0.633
-0.447,-0.838,0.672
-0.527,-0.861,0.734
-0.613,-0.922,0.844
-0.633,-0.998,0.893
-0.742,-1.006,0.994
-0.885,-0.922,1.100
-0.730,-0.906,1.043
-0.498,-1.064,0.881
-0.480,-1.012,0.891
-0.631,-0.832,0.967
-0.676,-0.693,0.975
-0.617,-0.641,0.908
-0.557,-0.684,0.869
-0.492,-0.674,0.830
-0.467,-0.549,0.746
-0.447,-0.473,0.723
-0.451,-0.412,0.701
-0.473,-0.354,0.672
-0.518,-0.287,0.676
-0.543,-0.289,0.693
-0.580,-0.270,0.680
-0.605,-0.254,0.611
-0.633,-0.211,0.572
-0.623,-0.168,0.580
-0.627,-0.152,0.619
-0.688,-0.166,0.619
-0.732,-0.242,0.650
-0.873,-0.354,0.742
-0.943,-0.295,0.684
-0.691,-0.182,0.658
-0.439,-0.289,0.773
-0.525,-0.441,0.773
-0.729,-0.617,0.809
-0.830,-0.721,0.730
-0.750,-0.814,0.637
-0.604,-0.910,0.572
-0.473,-0.852,0.533
-0.416,-0.643,0.518
-0.350,-0.533,0.547
-0.305,-0.561,0.598
-0.299,-0.605,0.604
-0.344,-0.588,0.617
-0.377,-0.578,0.672
-0.398,-0.627,0.697
-0.410,-0.715,0.680
-0.410,-0.730,0.643
-0.420,-0.711,0.684
-0.475,-0.688,0.766
-0.531,-0.758,0.824
-0.553,-0.875,0.842
-0.734,-0.984,1.002
-0.879,-0.973,1.145
-0.691,-0.957,1.070
-0.471,-0.988,0.898
-0.510,-0.939,0.918
-0.684,-0.781,0.980
-0.736,-0.689,1.002
-0.639,-0.725,0.908
-0.537,-0.764,0.863
-0.490,-0.707,0.830
-0.482,-0.602,0.754
-0.471,-0.496,0.697
-0.469,-0.410,0.658
-0.482,-0.350,0.680
-0.521,-0.307,0.688
-0.561,-0.293,0.658
-0.582,-0.250,0.625
-0.596,-0.207,0.570
-0.584,-0.150,0.521
-0.574,-0.119,0.529
-0.619,-0.152,0.502
-0.686,-0.129,0.516
-0.748,-0.205,0.543
-0.850,-0.365,0.625
-0.959,-0.359,0.660
-0.799,-0.297,0.689
-0.574,-0.367,0.801
-0.568,-0.520,0.834
-0.723,-0.604,0.881
-0.787,-0.662,0.889
-0.713,-0.803,0.836
-0.535,-0.889,0.805
-0.418,-0.785,0.744
-0.383,-0.652,0.662
-0.346,-0.646,0.605
-0.316,-0.666,0.574
-0.314,-0.641,0.541
-0.332,-0.609,0.576
-0.379,-0.598,0.566
-0.400,-0.645,0.607
-0.406,-0.699,0.613
-0.408,-0.723,0.625
-0.406,-0.762,0.658
-0.455,-0.814,0.744
-0.551,-0.916,0.840
-0.574,-0.975,0.893
-0.592,-1.029,0.965
-0.768,-0.941,1.047
-0.754,-0.846,1.045
-0.602,-0.924,0.881
-0.553,-0.980,0.820
-0.678,-0.877,0.848
-0.740,-0.750,0.908
-0.723,-0.729,0.898
-0.639,-0.752,0.840
-0.578,-0.695,0.814
-0.547,-0.543,0.748
-0.535,-0.441,0.732
-0.547,-0.381,0.699
-0.557,-0.367,0.656
-0.574,-0.377,0.650
-0.598,-0.355,0.648
-0.611,-0.266,0.617
-0.627,-0.158,0.553
-0.596,-0.105,0.484
-0.559,-0.113,0.461
-0.553,-0.141,0.494
-0.629,-0.127,0.488
-0.678,-0.199,0.547
-0.684,-0.309,0.602
-0.834,-0.363,0.645
-0.857,-0.410,0.619
-0.660,-0.449,0.607
-0.598,-0.521,0.705
-0.719,-0.494,0.832
-0.824,-0.543,0.881
-0.697,-0.721,0.887
-0.689,-0.783,0.811
-0.535,-0.871,0.717
-0.398,-0.846,0.645
-0.336,-0.764,0.588
-0.326,-0.725,0.580
-0.363,-0.691,0.508
-0.391,-0.678,0.514
-0.400,-0.648,0.541
-0.391,-0.666,0.586
-0.402,-0.734,0.602
-0.412,-0.736,0.541
-0.453,-0.756,0.578
-0.521,-0.803,0.709
-0.564,-0.924,0.832
-0.547,-1.084,0.891
-0.725,-1.143,1.018
-0.785,-1.055,1.098
-0.613,-0.988,1.023
-0.473,-0.998,0.938
-0.561,-0.873,0.930
-0.748,-0.719,0.984
-0.766,-0.654,0.992
-0.682,-0.656,0.881
-0.588,-0.684,0.824
-0.523,-0.631,0.799
-0.488,-0.486,0.746
-0.473,-0.400,0.695
-0.473,-0.316,0.635
-0.498,-0.260,0.568
-0.539,-0.270,0.578
-0.578,-0.314,0.592
-0.631,-0.258,0.559
-0.656,-0.176,0.531
-0.641,-0.129,0.531
-0.627,-0.156,0.520
-0.631,-0.201,0.533
-0.680,-0.209,0.561
-0.811,-0.312,0.646
-0.980,-0.383,0.762
-0.910,-0.270,0.742
-0.605,-0.316,0.697
-0.479,-0.500,0.777
-0.568,-0.594,0.832
-0.787,-0.680,0.844
-0.764,-0.838,0.836
-0.619,-0.902,0.740
-0.467,-0.740,0.732
-0.395,-0.654,0.639
-0.350,-0.664,0.611
-0.297,-0.713,0.570
-0.316,-0.654,0.516
-0.322,-0.588,0.551
-0.350,-0.590,0.617
-0.400,-0.650,0.596
-0.426,-0.693,0.617
-0.426,-0.758,0.623
-0.443,-0.785,0.682
-0.502,-0.754,0.730
-0.594,-0.795,0.809
-0.631,-0.891,0.896
-0.818,-0.951,1.049
-0.828,-1.008,1.057
-0.572,-0.986,0.926
-0.504,-0.869,0.846
-0.553,-0.883,0.928
-0.756,-0.813,0.979
-0.791,-0.756,0.990
-0.705,-0.711,0.895
-0.596,-0.633,0.834
-0.525,-0.582,0.818
-0.525,-0.557,0.705
-0.500,-0.496,0.594
-0.447,-0.404,0.631
-0.432,-0.357,0.717
-0.479,-0.312,0.783
-0.516,-0.320,0.730
-0.576,-0.234,0.623
-0.629,-0.139,0.553
-0.641,-0.092,0.539
-0.611,-0.084,0.516
-0.607,-0.168,0.572
-0.689,-0.150,0.529
-0.707,-0.197,0.537
-0.826,-0.273,0.607
-0.930,-0.359,0.646
-0.752,-0.377,0.615
-0.525,-0.426,0.656
-0.547,-0.492,0.723
-0.713,-0.627,0.811
-0.834,-0.666,0.801
-0.773,-0.699,0.779
-0.568,-0.760,0.811
-0.418,-0.760,0.727
-0.338,-0.719,0.635
-0.287,-0.768,0.574
-0.279,-0.816,0.525
-0.318,-0.822,0.477
-0.365,-0.709,0.502
-0.400,-0.645,0.586
-0.408,-0.691,0.633
-0.406,-0.805,0.650
-0.383,-0.826,0.648
-0.420,-0.816,0.707
-0.486,-0.875,0.787
-0.543,-0.953,0.854
-0.584,-1.006,0.918
-0.824,-0.904,1.057
-0.838,-0.852,1.078
-0.660,-0.873,0.895
-0.572,-0.889,0.895
-0.672,-0.756,0.963
-0.775,-0.617,0.996
-0.768,-0.557,0.902
-0.652,-0.576,0.814
-0.523,-0.609,0.818
-0.438,-0.559,0.773
-0.381,-0.482,0.719
-0.371,-0.381,0.678
-0.400,-0.338,0.635
-0.457,-0.312,0.594
-0.480,-0.305,0.641
-0.494,-0.340,0.627
-0.594,-0.203,0.531
-0.652,-0.107,0.518
-0.613,-0.090,0.488
-0.650,-0.135,0.525
-0.715,-0.234,0.588
-0.732,-0.295,0.619
-0.895,-0.404,0.688
-0.979,-0.414,0.682
-0.766,-0.344,0.695
-0.656,-0.447,0.834
-0.697,-0.627,0.854
-0.785,-0.629,0.867
-0.783,-0.668,0.836
-0.668,-0.758,0.773
-0.488,-0.822,0.760
-0.395,-0.684,0.674
-0.352,-0.582,0.586
-0.340,-0.623,0.541
-0.320,-0.730,0.486
-0.324,-0.693,0.475
-0.320,-0.621,0.543
-0.330,-0.727,0.564
-0.377,-0.822,0.541
-0.389,-0.844,0.545
-0.416,-0.816,0.605
-0.490,-0.789,0.693
-0.596,-0.854,0.805
-0.695,-0.949,0.900
-0.900,-1.002,1.002
-0.891,-0.967,1.066
-0.641,-0.947,0.998
-0.563,-1.082,1.051
-0.736,-1.037,1.102
-0.801,-0.877,1.104
-0.754,-0.719,1.053
-0.619,-0.572,0.994
-0.537,-0.547,0.912
-0.510,-0.420,0.775
-0.461,-0.357,0.680
-0.459,-0.326,0.584
-0.480,-0.291,0.543
-0.510,-0.266,0.570
-0.521,-0.361,0.588
-0.553,-0.281,0.500
-0.566,-0.131,0.467
-0.611,-0.047,0.406
-0.594,-0.047,0.414
-0.625,-0.119,0.434
-0.707,-0.242,0.453
-0.701,-0.279,0.537
-0.797,-0.303,0.596
-0.912,-0.420,0.684
-0.840,-0.387,0.609
-0.672,-0.428,0.727
-0.662,-0.525,0.869
-0.807,-0.592,0.936
-0.887,-0.717,0.898
-0.814,-0.752,0.785
-0.631,-0.748,0.713
-0.443,-0.787,0.760
-0.338,-0.834,0.648
-0.297,-0.822,0.570
-0.303,-0.760,0.533
-0.332,-0.678,0.572
-0.383,-0.670,0.605
-0.428,-0.703,0.602
-0.420,-0.795,0.633
-0.420,-0.889,0.580
-0.438,-0.908,0.527
-0.439,-0.900,0.691
-0.482,-0.857,0.818
-0.535,-0.955,0.891
-0.639,-1.059,0.986
-0.830,-0.996,1.055
-0.748,-0.891,1.041
-0.551,-0.871,0.936
-0.609,-0.850,0.932
-0.723,-0.736,0.996
-0.801,-0.549,0.980
-0.717,-0.496,0.918
-0.613,-0.547,0.863
-0.555,-0.527,0.758
-0.473,-0.498,0.701
-0.412,-0.430,0.660
-0.389,-0.354,0.605
-0.424,-0.320,0.566
-0.471,-0.361,0.574
-0.525,-0.375,0.563
-0.615,-0.311,0.508
-0.652,-0.262,0.520
-0.693,-0.268,0.506
-0.676,-0.361,0.488
-0.713,-0.238,0.453
-0.715,-0.164,0.553
-0.773,-0.225,0.688
-0.912,-0.416,0.785
-0.982,-0.311,0.689
-0.732,-0.229,0.738
-0.502,-0.363,0.918
-0.588,-0.475,0.939
-0.725,-0.533,0.945
-0.771,-0.611,0.869
-0.688,-0.750,0.818
-0.529,-0.814,0.781
-0.439,-0.773,0.701
-0.400,-0.668,0.646
-0.385,-0.697,0.598
-0.359,-0.768,0.543
-0.344,-0.779,0.494
-0.328,-0.795,0.508
-0.357,-0.807,0.518
-0.395,-0.842,0.572
-0.414,-0.838,0.643
-0.443,-0.813,0.682
-0.469,-0.732,0.615
-0.545,-0.816,0.727
-0.568,-1.127,0.826
-0.779,-1.195,0.861
-0.807,-0.982,0.932
-0.785,-0.770,0.859
-0.676,-0.850,0.918
-0.719,-0.826,1.002
-0.682,-0.689,1.047
-0.602,-0.598,1.012
-0.498,-0.650,0.953
-0.428,-0.678,0.850
-0.396,-0.482,0.750
-0.404,-0.367,0.682
-0.438,-0.320,0.656
-0.473,-0.283,0.578
-0.518,-0.355,0.563
-0.572,-0.375,0.514
-0.625,-0.314,0.479
-0.650,-0.264,0.525
-0.646,-0.217,0.508
-0.594,-0.217,0.541
-0.574,-0.203,0.561
-0.617,-0.229,0.568
-0.646,-0.305,0.590
-0.697,-0.363,0.670
-0.979,-0.404,0.748
-0.838,-0.332,0.686
-0.494,-0.471,0.654
-0.420,-0.656,0.586
-0.639,-0.902,0.701
-0.768,-0.715,0.756
-0.711,-0.617,0.680
-0.609,-0.691,0.652
-0.531,-0.857,0.779
-0.416,-0.912,0.723
-0.367,-0.934,0.584
-0.275,-0.951,0.561
-0.258,-0.850,0.520
-0.289,-0.775,0.523
-0.320,-0.754,0.547
-0.404,-0.621,0.523
-0.430,-0.639,0.619
-0.426,-0.754,0.568
-0.365,-0.854,0.543
-0.400,-0.926,0.592
-0.508,-0.934,0.664
-0.633,-1.023,0.752
-0.813,-1.213,0.980
-0.871,-1.133,1.010
-0.586,-1.037,0.926
-0.502,-0.941,0.979
-0.598,-0.785,1.107
-0.680,-0.607,1.148
-0.625,-0.461,0.957
-0.490,-0.459,0.705
-0.492,-0.408,0.504
-0.422,-0.576,0.621
-0.412,-0.711,0.639
-0.441,-0.646,0.545
-0.498,-0.492,0.537
-0.535,-0.361,0.584
-0.543,-0.266,0.643
-0.518,-0.238,0.703
-0.590,-0.256,0.729
-0.635,-0.232,0.646
-0.668,-0.119,0.592
-0.676,-0.135,0.592
-0.732,-0.229,0.617
-0.773,-0.377,0.590
-0.934,-0.441,0.594
-0.998,-0.400,0.578
-0.736,-0.348,0.654
-0.473,-0.322,0.777
-0.529,-0.348,0.838
-0.646,-0.520,0.773
-0.715,-0.531,0.674
-0.664,-0.510,0.596
-0.551,-0.543,0.549
-0.510,-0.600,0.447
-0.473,-0.629,0.502
-0.451,-0.563,0.477
-0.482,-0.600,0.473
-0.529,-0.775,0.520
-0.584,-0.861,0.451
-0.621,-0.986,0.465
-0.617,-1.049,0.648
-0.555,-1.061,0.768
-0.514,-1.037,0.752
-0.561,-1.000,0.701
-0.668,-0.965,0.697
-0.729,-0.996,0.855
-0.895,-1.000,1.039
-0.826,-0.990,1.098
-0.652,-0.955,0.934
-0.629,-0.867,0.816
-0.686,-0.740,0.814
-0.684,-0.650,0.855
-0.646,-0.635,0.861
-0.621,-0.658,0.809
-0.619,-0.527,0.664
-0.563,-0.412,0.580
-0.467,-0.342,0.529
-0.432,-0.318,0.508
-0.451,-0.305,0.516
-0.469,-0.314,0.533
-0.488,-0.326,0.549
-0.525,-0.244,0.504
-0.570,-0.105,0.455
-0.625,-0.111,0.498
-0.680,-0.240,0.568
-0.715,-0.348,0.613
-0.773,-0.346,0.645
-0.797,-0.355,0.658
-0.961,-0.420,0.732
-1.088,-0.428,0.758
-0.760,-0.303,0.689
-0.486,-0.338,0.688
-0.514,-0.471,0.779
-0.717,-0.656,0.811
-0.809,-0.799,0.730
-0.754,-0.805,0.625
-0.594,-0.836,0.658
-0.500,-0.717,0.563
-0.469,-0.572,0.541
-0.420,-0.572,0.527
-0.404,-0.766,0.426
-0.459,-0.744,0.277
-0.453,-0.711,0.441
-0.436,-0.727,0.617
-0.469,-0.707,0.729
-0.496,-0.668,0.719
-0.523,-0.660,0.646
-0.541,-0.697,0.664
-0.590,-0.764,0.717
-0.617,-0.869,0.795
-0.707,-0.975,0.984
-0.914,-1.025,1.230
-0.773,-1.016,1.113
-0.662,-0.949,0.863
-0.752,-0.756,0.963
-0.895,-0.580,1.057
-0.844,-0.611,1.080
-0.707,-0.648,0.969
-0.617,-0.564,0.801
-0.537,-0.443,0.719
-0.473,-0.342,0.635
-0.432,-0.344,0.615
-0.451,-0.418,0.627
-0.527,-0.447,0.555
-0.617,-0.346,0.404
-0.639,-0.252,0.367
-0.633,-0.182,0.445
-0.627,-0.139,0.463
-0.674,-0.064,0.447
-0.699,-0.041,0.479
-0.748,-0.074,0.537
-0.746,-0.141,0.643
-0.883,-0.268,0.766
-1.041,-0.426,0.867
-0.773,-0.326,0.709
-0.582,-0.297,0.777
-0.664,-0.328,0.898
-0.863,-0.371,1.027
-0.828,-0.721,1.035
-0.746,-0.848,0.834
-0.613,-0.795,0.635
-0.637,-0.463,0.428
-0.637,-0.240,0.344
-0.533,-0.438,0.512
-0.420,-0.771,0.625
-0.422,-0.793,0.592
-0.453,-0.719,0.543
-0.480,-0.666,0.646
-0.535,-0.695,0.768
-0.482,-0.754,0.826
-0.422,-0.770,0.785
-0.422,-0.789,0.791
-0.533,-0.752,0.848
-0.613,-0.771,0.846
-0.773,-0.877,0.986
-0.895,-1.020,1.176
-0.750,-1.020,1.070
-0.564,-0.947,0.871
-0.619,-0.744,0.879
-0.797,-0.576,0.998
-0.873,-0.502,1.027
-0.779,-0.588,0.977
-0.678,-0.574,0.832
-0.607,-0.484,0.787
-0.578,-0.395,0.689
-0.545,-0.320,0.592
-0.549,-0.281,0.506
-0.563,-0.246,0.424
-0.570,-0.207,0.404
-0.615,-0.187,0.457
-0.670,-0.193,0.510
-0.719,-0.186,0.520
-0.744,-0.166,0.570
-0.770,-0.131,0.662
-0.773,-0.063,0.750
-0.783,0.027,0.705
-0.770,-0.047,0.721
-0.863,-0.201,0.850
-1.076,-0.334,0.859
-0.877,-0.324,0.746
-0.637,-0.264,0.758
-0.662,-0.330,0.908
-0.736,-0.570,1.002
-0.852,-0.676,0.881
-0.789,-0.758,0.674
-0.660,-0.664,0.541
-0.539,-0.531,0.588
-0.457,-0.494,0.572
-0.406,-0.559,0.496
-0.377,-0.627,0.486
-0.379,-0.641,0.486
-0.422,-0.623,0.473
-0.469,-0.686,0.512
-0.488,-0.797,0.611
-0.455,-0.979,0.676
-0.408,-0.971,0.652
-0.375,-0.916,0.660
-0.426,-0.850,0.693
-0.551,-0.811,0.748
-0.613,-0.867,0.799
-0.785,-0.920,0.965
-0.953,-0.896,1.102
-0.758,-0.861,1.076
-0.604,-0.873,1.021
-0.662,-0.857,1.090
-0.838,-0.660,1.111
-0.859,-0.521,1.014
-0.744,-0.455,0.885
-0.609,-0.451,0.795
-0.539,-0.420,0.709
-0.516,-0.393,0.582
-0.502,-0.344,0.461
-0.480,-0.352,0.477
-0.520,-0.338,0.514
-0.572,-0.340,0.523
-0.660,-0.309,0.506
-0.676,-0.250,0.602
-0.691,-0.182,0.596
-0.725,-0.131,0.654
-0.768,-0.080,0.686
-0.775,-0.072,0.713
-0.785,-0.053,0.734
-0.846,-0.105,0.801
-0.992,-0.266,0.836
-0.877,-0.297,0.723
-0.578,-0.209,0.750
-0.563,-0.271,0.908
-0.748,-0.617,1.000
-0.869,-0.803,0.873
-0.879,-0.828,0.627
-0.717,-0.783,0.479
-0.500,-0.664,0.520
-0.406,-0.533,0.516
-0.361,-0.555,0.471
-0.332,-0.652,0.447
-0.385,-0.662,0.375
-0.430,-0.635,0.395
-0.438,-0.574,0.564
-0.436,-0.781,0.584
-0.447,-1.002,0.543
-0.461,-1.086,0.457
-0.479,-1.051,0.541
-0.568,-0.973,0.668
-0.648,-0.992,0.791
-0.686,-1.039,0.867
-1.090,-1.039,1.035
-0.889,-1.010,1.059
-0.551,-0.918,0.961
-0.508,-0.900,1.008
-0.697,-0.910,1.043
-0.879,-0.760,1.059
-0.797,-0.725,0.977
-0.641,-0.771,0.854
-0.521,-0.643,0.781
-0.428,-0.566,0.803
-0.436,-0.367,0.736
-0.467,-0.250,0.652
-0.496,-0.365,0.592
-0.563,-0.395,0.484
-0.578,-0.295,0.490
-0.598,-0.217,0.523
-0.611,-0.242,0.604
-0.650,-0.230,0.572
-0.615,-0.187,0.553
-0.635,-0.078,0.529
-0.693,-0.123,0.617
-0.732,-0.201,0.666
-0.842,-0.291,0.678
-1.051,-0.338,0.666
-0.883,-0.230,0.502
-0.619,-0.279,0.734
-0.660,-0.416,0.826
-0.826,-0.572,0.867
-0.938,-0.785,0.801
-0.885,-0.846,0.594
-0.730,-0.842,0.430
-0.588,-0.785,0.477
-0.498,-0.602,0.520
-0.455,-0.590,0.504
-0.441,-0.740,0.508
-0.447,-0.766,0.467
-0.471,-0.709,0.490
-0.484,-0.740,0.611
-0.443,-0.836,0.701
-0.494,-0.787,0.631
-0.508,-0.816,0.643
-0.529,-0.863,0.645
-0.541,-0.949,0.684
-0.563,-0.990,0.684
-0.764,-1.002,0.895
-0.889,-1.070,1.012
-0.691,-1.064,0.951
-0.531,-0.984,0.895
-0.582,-0.781,0.963
-0.818,-0.605,0.996
-0.889,-0.586,0.873
-0.791,-0.664,0.713
-0.670,-0.596,0.641
-0.563,-0.484,0.645
-0.490,-0.424,0.611
-0.461,-0.455,0.635
-0.469,-0.506,0.664
-0.494,-0.416,0.627
-0.527,-0.348,0.615
-0.523,-0.330,0.664
-0.564,-0.287,0.725
-0.623,-0.320,0.740
-0.711,-0.236,0.613
-0.723,-0.219,0.602
-0.762,-0.240,0.639
-0.756,-0.363,0.693
-0.779,-0.395,0.713
-1.012,-0.316,0.697
-0.988,-0.168,0.568
-0.627,-0.102,0.643
-0.396,-0.312,0.717
-0.641,-0.463,0.592
-0.930,-0.543,0.473
-0.982,-0.592,0.438
-0.787,-0.646,0.631
-0.625,-0.635,0.754
-0.570,-0.430,0.697
-0.533,-0.443,0.625
-0.475,-0.627,0.578
-0.459,-0.783,0.508
-0.494,-0.820,0.465
-0.529,-0.727,0.461
-0.525,-0.758,0.594
-0.484,-0.852,0.695
-0.467,-0.832,0.754
-0.447,-0.809,0.771
-0.488,-0.773,0.766
-0.551,-0.834,0.805
-0.572,-0.979,0.797
-0.721,-1.043,0.924
-0.904,-1.020,1.041
-0.771,-0.918,0.910
-0.557,-0.838,0.859
-0.590,-0.746,0.979
-0.773,-0.600,1.051
-0.854,-0.557,1.031
-0.770,-0.549,0.891
-0.645,-0.564,0.807
-0.561,-0.584,0.766
-0.529,-0.504,0.717
-0.441,-0.385,0.621
-0.486,-0.502,0.568
-0.512,-0.486,0.652
-0.557,-0.377,0.666
-0.613,-0.270,0.525
-0.613,-0.363,0.553
-0.629,-0.293,0.598
-0.676,-0.195,0.602
-0.721,-0.111,0.563
-0.762,-0.160,0.576
-0.795,-0.197,0.588
-0.838,-0.187,0.621
-1.012,-0.186,0.684
-1.057,-0.160,0.666
-0.672,-0.094,0.666
-0.420,-0.324,0.842
-0.523,-0.488,0.902
-0.807,-0.576,0.762
-0.971,-0.680,0.596
-0.879,-0.738,0.492
-0.711,-0.811,0.453
-0.516,-0.699,0.496
-0.365,-0.555,0.641
-0.320,-0.438,0.656
-0.352,-0.541,0.588
-0.443,-0.637,0.447
-0.475,-0.646,0.428
-0.469,-0.822,0.525
-0.482,-0.896,0.520
-0.559,-0.891,0.521
-0.559,-0.918,0.609
-0.578,-0.846,0.605
-0.621,-0.826,0.717
-0.689,-0.875,0.758
-0.756,-0.939,0.803
-0.889,-0.971,0.934
-0.891,-0.932,0.955
-0.654,-0.963,0.809
-0.574,-0.998,0.814
-0.730,-0.879,0.988
-0.912,-0.775,1.076
-0.828,-0.559,1.000
-0.684,-0.498,0.895
-0.590,-0.527,0.855
-0.531,-0.473,0.799
-0.504,-0.408,0.713
-0.477,-0.355,0.643
-0.479,-0.324,0.617
-0.498,-0.289,0.631
-0.543,-0.291,0.676
-0.574,-0.311,0.648
-0.680,-0.236,0.527
-0.709,-0.172,0.512
-0.705,-0.105,0.512
-0.713,-0.121,0.572
-0.740,-0.201,0.574
-0.791,-0.209,0.557
-0.908,-0.186,0.602
-1.053,-0.285,0.717
-0.889,-0.230,0.621
-0.570,-0.123,0.652
-0.580,-0.092,0.738
-0.756,-0.348,0.854
-0.949,-0.566,0.875
-0.957,-0.807,0.680
-0.807,-0.826,0.482
-0.623,-0.766,0.537
-0.459,-0.627,0.670
-0.371,-0.572,0.676
-0.383,-0.639,0.588
-0.379,-0.707,0.570
-0.418,-0.662,0.561
-0.457,-0.682,0.594
-0.439,-0.793,0.650
-0.428,-0.844,0.654
-0.439,-0.834,0.635
-0.453,-0.803,0.650
-0.563,-0.783,0.684
-0.578,-0.920,0.762
-0.646,-1.020,0.797
-0.826,-1.072,0.990
-0.844,-1.018,1.029
-0.613,-0.955,0.895
-0.572,-0.861,0.898
-0.715,-0.707,0.971
-0.875,-0.588,0.980
-0.834,-0.523,0.857
-0.711,-0.566,0.803
-0.619,-0.605,0.771
-0.559,-0.598,0.725
-0.525,-0.545,0.645
-0.492,-0.475,0.611
-0.498,-0.396,0.592
-0.498,-0.338,0.646
-0.543,-0.318,0.721
-0.676,-0.232,0.703
-0.719,-0.104,0.580
-0.693,-0.047,0.498
-0.691,0.031,0.379
-0.717,0.031,0.408
-0.725,-0.119,0.617
-0.738,-0.307,0.727
-0.873,-0.359,0.750
-1.039,-0.354,0.711
-0.887,-0.287,0.633
-0.627,-0.352,0.805
-0.564,-0.563,0.910
-0.371,-0.818,0.898
-0.777,-0.633,0.709
-0.775,-0.672,0.539
-0.787,-0.879,0.512
-0.543,-0.707,0.432
-0.486,-0.549,0.469
-0.455,-0.568,0.520
-0.438,-0.707,0.523
-0.438,-0.674,0.467
-0.441,-0.572,0.467
-0.424,-0.551,0.531
-0.363,-0.701,0.598
-0.361,-0.836,0.576
-0.348,-0.936,0.557
-0.371,-0.934,0.564
-0.432,-0.979,0.658
-0.521,-0.998,0.725
-0.586,-1.027,0.807
-0.756,-1.004,0.961
-0.756,-0.916,1.037
-0.520,-0.932,0.992
-0.449,-0.977,1.033
-0.604,-0.852,1.107
-0.744,-0.752,1.008
-0.736,-0.699,0.832
-0.648,-0.680,0.727
-0.570,-0.641,0.668
-0.488,-0.645,0.648
-0.441,-0.604,0.613
-0.412,-0.537,0.586
-0.447,-0.451,0.553
-0.488,-0.420,0.521
-0.500,-0.379,0.475
-0.521,-0.359,0.496
-0.563,-0.332,0.496
-0.621,-0.305,0.516
-0.654,-0.271,0.531
-0.625,-0.279,0.570
-0.635,-0.254,0.645
-0.656,-0.211,0.682
-0.709,-0.170,0.658
-0.867,-0.248,0.754
-0.914,-0.363,0.748
-0.711,-0.264,0.631
-0.486,-0.305,0.770
-0.482,-0.459,0.875
-0.711,-0.592,0.965
-0.895,-0.656,0.922
-0.818,-0.723,0.777
-0.619,-0.797,0.699
-0.496,-0.707,0.596
-0.432,-0.646,0.494
-0.404,-0.672,0.453
-0.498,-0.602,0.387
-0.426,-0.781,0.371
-0.426,-0.572,0.422
-0.408,-0.754,0.484
-0.354,-0.918,0.510
-0.324,-0.877,0.551
-0.408,-0.807,0.537
-0.445,-0.770,0.650
-0.486,-0.777,0.775
-0.520,-0.879,0.805
-0.551,-0.988,0.854
-0.732,-0.973,0.980
-0.705,-0.844,1.014
-0.496,-0.826,0.938
-0.498,-0.955,0.967
-0.701,-0.887,0.885
-0.797,-0.766,0.865
-0.676,-0.770,0.861
-0.551,-0.795,0.824
-0.463,-0.813,0.814
-0.430,-0.717,0.742
-0.414,-0.566,0.648
-0.414,-0.473,0.631
-0.412,-0.426,0.629
-0.426,-0.359,0.580
-0.455,-0.279,0.570
-0.553,-0.303,0.576
-0.646,-0.262,0.512
-0.680,-0.258,0.525
-0.619,-0.297,0.633
-0.617,-0.311,0.740
-0.715,-0.223,0.750
-0.795,-0.199,0.717
-0.820,-0.184,0.701
-0.971,-0.189,0.684
-0.885,-0.234,0.697
-0.621,-0.424,0.777
-0.537,-0.537,0.777
-0.678,-0.615,0.768
-0.846,-0.738,0.738
-0.859,-0.746,0.553
-0.691,-0.682,0.475
-0.480,-0.691,0.553
-0.350,-0.691,0.561
-0.303,-0.699,0.459
-0.297,-0.607,0.416
-0.236,-0.775,0.496
-0.363,-0.729,0.504
-0.484,-0.344,0.584
-0.510,-0.816,0.584
-0.531,-1.051,0.473
-0.539,-1.021,0.418
-0.514,-0.980,0.494
-0.541,-0.914,0.592
-0.570,-0.885,0.740
-0.623,-0.916,0.707
-0.818,-0.957,0.902
-0.920,-0.947,0.975
-0.650,-1.002,0.877
-0.529,-1.020,0.869
-0.668,-0.869,0.934
-0.795,-0.689,0.998
-0.719,-0.652,0.971
-0.533,-0.748,0.883
-0.416,-0.762,0.816
-0.371,-0.654,0.715
-0.404,-0.477,0.586
-0.408,-0.400,0.602
-0.465,-0.322,0.646
-0.535,-0.322,0.619
-0.609,-0.316,0.504
-0.664,-0.279,0.455
-0.701,-0.197,0.453
-0.699,-0.160,0.463
-0.664,-0.184,0.479
-0.662,-0.201,0.484
-0.699,-0.223,0.514
-0.727,-0.254,0.557
-0.764,-0.271,0.586
-0.920,-0.277,0.658
-0.891,-0.281,0.648
-0.676,-0.393,0.666
-0.604,-0.535,0.748
-0.740,-0.447,0.795
-0.934,-0.381,0.879
-0.949,-0.576,0.979
-0.768,-0.895,0.916
-0.555,-0.953,0.699
-0.430,-0.854,0.547
-0.350,-0.701,0.531
-0.320,-0.707,0.547
-0.307,-0.781,0.510
-0.373,-0.707,0.479
-0.430,-0.703,0.516
-0.465,-0.809,0.580
-0.479,-0.941,0.619
-0.467,-0.973,0.586
-0.430,-0.965,0.648
-0.412,-0.934,0.727
-0.451,-0.920,0.793
-0.488,-0.965,0.793
-0.592,-1.033,0.855
-0.725,-1.018,0.953
-0.656,-1.002,0.887
-0.443,-0.979,0.783
-0.430,-0.982,0.889
-0.590,-0.773,0.959
-0.723,-0.592,1.014
-0.705,-0.502,1.043
-0.621,-0.494,0.986
-0.541,-0.547,0.904
-0.488,-0.494,0.764
-0.471,-0.439,0.654
-0.441,-0.445,0.629
-0.480,-0.473,0.619
-0.533,-0.512,0.592
-0.566,-0.535,0.586
-0.611,-0.484,0.584
-0.658,-0.408,0.600
-0.682,-0.326,0.625
-0.674,-0.281,0.631
-0.670,-0.293,0.639
-0.676,-0.258,0.648
-0.645,-0.193,0.660
-0.756,-0.244,0.723
-0.873,-0.342,0.621
-0.617,-0.357,0.529
-0.512,-0.352,0.631
-0.670,-0.307,0.635
-0.861,-0.275,0.633
-0.893,-0.432,0.656
-0.744,-0.619,0.646
-0.539,-0.758,0.631
-0.432,-0.707,0.559
-0.418,-0.701,0.486
-0.416,-0.764,0.395
-0.398,-0.801,0.398
-0.395,-0.762,0.469
-0.424,-0.676,0.543
-0.436,-0.711,0.604
-0.443,-0.813,0.604
-0.459,-0.871,0.598
-0.529,-0.895,0.641
-0.555,-0.910,0.711
-0.572,-1.020,0.744
-0.596,-1.158,0.742
-0.801,-1.180,0.889
-0.818,-1.078,0.973
-0.584,-1.053,0.891
-0.438,-1.061,0.814
-0.523,-0.955,0.875
-0.650,-0.795,0.904
-0.664,-0.723,0.891
-0.604,-0.746,0.850
-0.549,-0.791,0.785
-0.508,-0.727,0.732
-0.477,-0.629,0.715
-0.473,-0.533,0.703
-0.475,-0.438,0.680
-0.518,-0.408,0.684
-0.566,-0.377,0.645
-0.594,-0.342,0.611
-0.607,-0.305,0.584
-0.654,-0.246,0.566
-0.664,-0.178,0.547
-0.660,-0.221,0.568
-0.705,-0.260,0.582
-0.725,-0.238,0.566
-0.756,-0.203,0.580
-1.031,-0.238,0.656
-0.980,-0.227,0.594
-0.672,-0.232,0.658
-0.482,-0.418,0.740
-0.576,-0.463,0.758
-0.768,-0.539,0.754
-0.852,-0.566,0.654
-0.807,-0.637,0.514
-0.676,-0.807,0.479
-0.561,-0.797,0.477
-0.455,-0.805,0.504
-0.414,-0.816,0.477
-0.381,-0.852,0.408
-0.324,-0.830,0.547
-0.400,-0.725,0.521
-0.428,-0.809,0.508
-0.420,-0.920,0.537
-0.432,-0.926,0.508
-0.438,-0.938,0.547
-0.455,-0.934,0.656
-0.533,-0.947,0.672
-0.588,-0.963,0.707
-0.762,-0.957,0.863
-0.934,-0.924,0.971
-0.795,-0.938,0.990
-0.547,-0.967,0.895
-0.459,-0.916,0.920
-0.520,-0.758,0.973
-0.592,-0.631,0.988
-0.578,-0.623,0.924
-0.541,-0.758,0.826
-0.516,-0.803,0.754
-0.496,-0.775,0.697
-0.520,-0.645,0.693
