-0.236,0.475,0.520
0.033,0.404,0.682
0.133,0.256,0.615
0.197,0.139,0.629
0.053,0.125,0.826
-0.088,0.088,0.723
0.213,-0.705,0.541
-0.236,0.318,1.191
-0.150,0.328,1.201
-0.211,0.410,1.314
-0.617,0.709,1.559
-0.756,0.797,1.459
-0.744,0.775,1.451
-0.539,0.742,1.344
-0.322,0.641,1.217
-0.240,0.547,1.117
-0.232,0.482,1.203
-0.271,0.420,1.215
-0.342,0.438,1.176
-0.357,0.418,1.109
-0.402,0.373,1.006
-0.432,0.271,0.957
-0.422,0.172,0.941
-0.135,0.123,0.918
-0.367,0.215,0.830
-0.428,0.293,0.828
-0.520,0.344,0.900
-0.506,0.344,0.961
-0.500,0.410,1.062
-0.535,0.535,1.014
-0.268,0.379,1.221
-0.135,0.301,1.258
-0.379,0.479,1.395
-0.400,0.615,1.553
-0.234,0.490,1.611
-0.113,0.348,1.699
-0.104,0.295,1.746
-0.187,0.340,1.730
-0.041,0.346,1.687
0.180,0.301,1.582
0.055,0.311,1.441
0.033,0.256,1.367
0.012,0.293,1.211
-0.039,0.363,1.090
-0.105,0.383,0.951
-0.164,0.434,0.918
-0.266,0.256,0.793
-0.107,0.146,0.725
-0.141,0.105,0.633
-0.070,0.012,0.471
0.004,0.111,0.418
-0.020,0.186,0.418
-0.014,0.172,0.412
0.020,0.115,0.396
0.018,0.039,0.494
0.002,0.012,0.598
-0.076,0.088,0.748
-0.139,0.227,0.883
-0.123,0.281,1.053
-0.107,0.334,1.203
-0.002,0.361,1.309
0.098,0.375,1.490
-0.033,0.547,1.748
-0.180,0.471,1.811
-0.289,0.496,1.828
-0.297,0.609,1.789
-0.211,0.939,1.635
-0.209,1.006,1.494
-0.314,0.793,1.574
-0.469,0.516,1.379
-0.471,0.457,1.266
-0.312,0.553,1.146
-0.209,0.504,0.963
-0.283,0.410,0.871
-0.492,0.424,0.939
-0.523,0.389,0.908
-0.504,0.455,0.906
-0.391,0.422,0.826
-0.459,0.395,0.916
-0.482,0.398,1.021
-0.443,0.424,1.111
-0.342,0.361,1.154
-0.354,0.264,1.246
-0.400,0.146,1.352
-0.416,0.098,1.434
-0.387,0.053,1.373
-0.227,0.234,1.332
-0.230,0.596,1.357
-0.230,0.748,1.434
-0.275,0.635,1.645
-0.408,0.590,2.061
-0.297,0.670,2.070
-0.111,0.539,1.914
-0.105,0.561,1.973
-0.059,0.438,2.297
-0.191,0.334,1.906
-0.004,0.289,1.572
0.006,0.236,1.234
0.066,0.143,0.924
0.168,-0.119,0.678
0.158,0.143,0.396
0.156,0.166,0.260
0.105,0.115,0.148
0.031,0.043,0.160
0.088,-0.016,0.180
0.145,-0.043,0.119
0.057,0.035,0.184
0.008,0.047,0.232
-0.072,0.072,0.342
-0.129,0.072,0.445
-0.201,0.203,0.523
-0.301,0.322,0.637
-0.254,0.332,0.752
-0.291,0.418,0.881
-0.215,0.590,1.078
-0.238,0.693,1.129
-0.348,0.529,1.303
-0.428,0.502,1.400
-0.539,0.563,1.512
-0.598,0.709,1.584
-0.627,0.785,1.611
-0.492,0.781,1.557
-0.320,0.672,1.512
-0.266,0.592,1.430
-0.238,0.547,1.342
-0.252,0.588,1.400
-0.314,0.693,1.414
-0.340,0.645,1.359
-0.328,0.559,1.207
-0.273,0.430,1.037
-0.270,0.604,0.963
-0.248,0.523,0.832
-0.395,0.518,0.844
-0.471,0.457,0.865
-0.512,0.404,0.939
-0.436,0.328,0.990
-0.363,0.340,0.992
-0.340,0.348,1.045
-0.338,0.338,1.174
-0.361,0.342,1.168
-0.316,0.287,1.096
-0.309,0.240,1.133
-0.357,0.375,1.418
-0.289,0.467,1.498
-0.227,0.408,1.531
-0.396,0.418,1.643
-0.590,0.469,1.684
-0.529,0.525,1.754
-0.459,0.484,1.814
-0.324,0.498,1.814
-0.268,0.533,1.721
-0.330,0.615,1.687
-0.338,0.480,1.562
-0.303,0.264,1.400
-0.191,0.088,1.207
-0.008,0.064,0.998
0.111,0.127,0.684
0.176,0.170,0.465
0.104,0.115,0.330
0.084,-0.045,0.289
0.033,-0.105,0.287
-0.020,0.027,0.322
-0.023,0.098,0.291
-0.066,0.037,0.322
-0.131,0.000,0.377
-0.217,0.098,0.453
-0.244,0.248,0.523
-0.229,0.291,0.586
-0.176,0.293,0.383
-0.295,0.184,0.771
-0.486,0.430,0.967
-0.391,0.688,1.064
-0.352,0.623,1.045
-0.199,0.492,1.090
-0.414,0.340,1.371
-0.650,0.383,1.529
-0.707,0.535,1.668
-0.723,0.715,1.729
-1.051,0.984,1.631
-0.434,0.607,1.506
-0.305,0.465,1.434
-0.359,0.553,1.455
-0.309,0.621,1.402
-0.408,0.650,1.297
-0.422,0.494,1.252
-0.391,0.320,1.209
-0.260,0.273,1.061
-0.059,0.217,0.951
-0.121,0.254,0.832
-0.236,0.285,0.816
-0.338,0.250,0.814
-0.326,0.227,0.768
-0.389,0.252,0.740
-0.457,0.318,0.801
-0.490,0.408,0.953
-0.504,0.523,1.012
-0.537,0.547,0.982
0.547,-0.037,1.590
0.016,0.533,0.787
-0.314,0.312,1.023
0.631,-1.187,-0.547
-0.408,0.092,2.373
-0.824,-0.205,0.285
-0.059,-0.180,1.869
-0.486,-0.107,1.707
-0.643,0.219,1.738
-0.635,0.307,1.729
-0.463,0.199,1.662
-0.287,0.094,1.521
-0.203,0.051,1.416
-0.307,0.070,1.354
-0.340,0.180,1.225
-0.125,0.131,1.105
-0.107,0.070,0.934
-0.104,0.031,0.799
-0.113,0.029,0.678
-0.070,0.057,0.605
0.059,-0.102,0.619
-0.043,-0.035,0.439
-0.020,0.047,0.248
-0.139,0.141,0.234
0.004,0.066,0.420
-0.049,0.066,0.467
-0.158,0.049,0.502
-0.186,0.051,0.553
-0.137,0.053,0.611
-0.115,0.076,0.725
-0.207,0.082,0.969
-0.168,0.105,1.064
-0.203,0.100,1.209
-0.164,0.059,1.355
-0.232,0.074,1.484
-0.283,0.133,1.701
-0.287,0.303,1.715
-0.273,0.465,1.727
-0.242,0.559,1.729
-0.187,0.576,1.676
-0.187,0.480,1.621
-0.213,0.311,1.625
-0.236,0.252,1.566
-0.205,0.201,1.469
-0.105,0.221,1.412
-0.107,0.273,1.344
-0.154,0.258,1.232
-0.164,0.092,1.137
-0.182,0.070,1.010
-0.141,0.080,0.900
-0.334,0.252,0.861
-0.471,0.371,0.818
-0.488,0.375,0.865
-0.502,0.328,0.879
-0.518,0.312,0.893
-0.475,0.350,0.898
-0.502,0.350,1.002
-0.533,0.340,1.123
-0.502,0.312,1.373
-0.580,0.359,1.545
-0.549,0.445,1.707
-0.357,0.340,1.707
-0.410,0.219,1.834
-0.449,0.178,1.889
-0.498,0.195,1.984
-0.508,0.211,1.992
-0.430,0.172,1.949
-0.270,0.078,1.814
-0.096,0.000,1.631
-0.041,0.014,1.449
0.000,0.023,1.238
0.082,-0.021,1.033
0.168,-0.035,0.887
0.131,-0.023,0.662
0.059,0.063,0.604
0.082,0.162,0.613
0.045,0.084,0.521
-0.025,-0.025,0.498
-0.063,0.084,0.393
-0.039,0.145,0.385
-0.031,0.137,0.443
-0.057,0.068,0.508
-0.035,-0.055,0.520
-0.043,-0.107,0.607
-0.109,-0.092,0.684
-0.119,0.021,0.896
-0.166,0.135,1.189
-0.143,-0.027,1.275
-0.002,-0.262,1.455
-0.332,-0.279,1.502
-0.461,0.092,1.719
-0.385,0.363,1.742
-0.342,0.318,1.750
-0.426,0.236,1.750
-0.514,0.205,1.670
-0.529,0.189,1.631
-0.637,0.258,1.648
-0.615,0.219,1.625
-0.574,0.221,1.506
-0.482,0.176,1.396
-0.393,0.139,1.299
-0.326,0.086,1.281
-0.295,0.152,1.162
-0.344,0.182,0.998
-0.414,0.187,0.842
-0.479,0.166,0.689
-0.436,0.187,0.646
-0.346,0.189,0.734
-0.389,0.152,0.773
-0.449,0.197,0.859
-0.520,0.148,0.879
-0.520,0.092,1.150
-0.520,0.033,1.248
-0.564,0.023,1.186
-0.555,-0.020,1.229
-0.572,-0.016,1.441
-0.609,0.176,1.744
-0.418,0.242,1.816
-0.309,0.191,1.770
-0.434,0.117,1.811
-0.510,0.127,1.902
-0.408,0.080,1.855
-0.377,-0.025,1.799
-0.365,-0.041,1.801
-0.021,-0.037,1.713
-0.168,0.021,1.449
-0.072,-0.100,1.260
-0.043,-0.061,1.111
-0.146,0.086,1.010
-0.086,0.053,0.830
-0.084,-0.084,0.688
0.016,-0.252,0.529
-0.018,0.063,0.563
-0.010,0.123,0.482
0.064,0.113,0.432
0.023,0.039,0.385
0.068,-0.074,0.328
0.002,-0.025,0.369
-0.031,0.059,0.436
-0.057,0.170,0.531
-0.475,0.100,0.867
-0.047,0.063,0.875
-0.123,0.035,1.004
-0.248,0.092,1.248
-0.307,0.119,1.346
-0.367,0.156,1.418
-0.406,0.129,1.576
-0.479,0.174,1.615
-0.545,0.250,1.623
-0.588,0.275,1.686
-0.574,0.240,1.680
-0.484,0.162,1.588
-0.348,-0.182,1.469
-0.396,0.016,1.549
-0.404,0.215,1.527
-0.521,1.195,0.863
0.482,0.393,2.160
-0.006,-0.166,1.074
-0.432,0.078,-0.088
-0.477,0.098,0.955
-0.322,0.020,0.879
-0.086,0.869,0.477
-0.447,0.334,0.834
-0.354,0.240,0.795
-0.416,0.176,0.889
-0.520,0.223,0.920
-0.553,0.248,0.973
-0.506,0.262,0.975
-0.506,0.209,1.002
-0.482,0.111,1.109
-0.459,0.084,1.285
-0.461,0.070,1.465
-0.555,0.100,1.641
-0.561,0.064,1.723
-0.711,-0.104,1.807
-0.756,0.049,2.004
-0.602,0.205,2.096
-0.342,0.197,1.963
-0.182,0.143,1.879
-0.129,0.145,1.807
-0.072,0.068,1.637
-0.105,-0.023,1.469
-0.141,-0.023,1.355
-0.115,0.014,1.180
-0.066,0.012,1.002
-0.053,0.031,0.850
-0.031,0.045,0.756
-0.025,0.072,0.664
0.031,0.025,0.551
-0.027,0.066,0.439
-0.033,0.082,0.439
0.049,0.107,0.807
-0.084,0.107,0.342
-0.020,0.053,0.418
-0.105,0.080,0.459
-0.084,0.016,0.469
-0.064,-0.039,0.545
-0.070,-0.043,0.715
-0.082,-0.045,0.883
-0.059,-0.109,1.027
-0.086,-0.145,1.166
0.422,1.348,2.092
-0.221,0.100,1.617
-0.199,0.211,1.662
-0.293,0.229,1.719
-0.402,0.221,1.727
-0.529,0.287,1.811
-0.424,0.303,1.746
-0.340,0.352,1.754
-0.266,0.334,1.734
-0.174,0.168,1.547
-0.174,0.139,1.479
-0.168,0.254,1.482
-0.123,0.303,1.414
-0.154,0.184,1.271
-0.189,0.035,1.115
-0.303,-0.045,1.021
-0.367,0.254,0.906
-0.420,0.162,0.930
-0.404,0.174,0.926
-0.389,0.150,0.869
-0.412,0.141,0.875
-0.473,0.225,0.893
-0.398,0.275,0.928
-0.238,0.320,0.912
-0.236,0.262,0.932
-0.330,0.168,0.979
-0.475,0.098,1.117
-0.613,0.187,1.383
-0.547,0.328,1.506
-0.385,0.150,1.561
-0.484,0.066,1.793
-0.531,0.182,2.004
-0.363,0.191,2.074
-0.252,0.084,2.092
-0.232,-0.031,2.020
-0.203,-0.063,1.916
-0.137,-0.053,1.801
-0.086,-0.043,1.668
-0.047,0.004,1.533
-0.004,0.043,1.352
0.037,0.023,1.182
0.047,0.031,0.998
0.096,0.049,0.867
0.141,0.014,0.748
0.057,0.037,0.656
-0.014,0.029,0.551
-0.047,0.033,0.539
-0.014,0.086,0.465
-0.029,0.002,0.492
-0.041,-0.107,0.459
-0.070,-0.203,0.439
-0.045,-0.104,0.760
-0.068,0.033,0.807
-0.082,0.051,0.688
-0.068,-0.016,0.711
-0.047,-0.205,0.799
-0.199,-0.201,0.986
-0.268,-0.090,1.193
-0.230,-0.025,1.262
-0.230,-0.051,1.420
-0.324,-0.051,1.510
-0.408,-0.020,1.609
-0.412,0.078,1.674
-0.426,0.180,1.709
-0.428,0.223,1.730
-0.473,0.254,1.758
-0.518,0.277,1.729
-0.332,0.109,1.623
-0.354,-0.264,1.629
-0.281,2.369,2.643
-0.287,-0.350,1.197
-0.014,-1.414,1.350
-0.357,0.307,1.129
-0.379,0.209,0.959
-0.463,0.217,0.758
-0.627,0.223,0.545
-0.465,0.254,0.709
-0.551,0.301,0.680
-0.631,0.279,0.854
-0.578,0.346,0.902
-0.617,0.324,0.943
-0.639,0.332,1.119
-0.646,0.363,1.168
-0.691,0.434,1.439
-0.602,0.430,1.787
-0.463,0.146,1.869
-0.604,0.039,2.047
-0.646,0.066,2.281
-0.404,-0.104,2.303
-0.242,-0.047,2.174
0.063,0.162,1.885
0.201,0.283,1.619
0.115,0.291,1.619
0.084,0.092,1.412
-0.146,-0.080,1.182
-0.150,-0.164,1.045
-0.299,-0.162,0.709
-0.104,0.018,0.729
-0.006,-0.004,0.664
0.020,-0.119,0.531
-0.031,-0.148,0.467
0.045,-0.150,0.414
0.090,-0.076,0.426
-0.006,0.006,0.404
-0.051,-0.133,0.473
-0.109,-0.059,0.629
0.025,0.068,0.684
-0.031,0.180,0.736
-0.084,-0.111,0.771
-0.285,-0.146,0.938
-0.328,-0.156,1.658
-0.379,0.203,1.342
-0.260,0.137,1.326
-0.246,-0.139,1.316
-0.459,-0.219,1.602
-0.611,0.068,1.754
-0.543,0.232,1.719
-0.469,0.162,1.633
-0.525,0.070,1.637
-0.648,0.055,1.641
-0.680,0.119,1.617
-0.594,0.158,1.471
-0.574,0.092,1.316
-0.561,0.070,1.264
-0.668,0.152,1.139
-0.627,0.176,1.074
-0.605,0.102,0.984
-0.506,0.113,0.895
-0.463,0.129,0.832
-0.498,0.195,0.873
-0.527,0.229,0.924
-0.514,0.186,0.941
-0.482,0.113,0.938
-0.473,0.059,0.994
-0.506,0.045,1.045
-0.518,0.010,1.129
-0.518,-0.029,1.244
-0.564,-0.264,1.219
-0.549,0.170,1.506
-0.475,-0.041,1.525
-0.297,0.039,1.656
-0.168,-0.059,1.605
-0.170,-0.141,1.613
-0.199,-0.174,1.609
-0.191,0.053,1.674
0.025,0.127,1.473
0.092,-0.006,1.262
-0.037,-0.059,1.240
-0.090,-0.031,1.154
-0.088,-0.057,1.045
0.002,-0.135,0.922
0.113,-0.158,0.840
-0.020,-0.045,0.727
0.037,-0.090,0.678
0.045,-0.119,0.654
0.074,-0.207,0.695
0.014,-0.131,0.633
-0.023,-0.107,0.637
-0.063,-0.059,0.781
-0.037,-0.105,0.730
-0.035,-0.158,0.973
-0.068,-0.131,1.055
-0.111,-0.117,1.145
-0.133,-0.064,1.205
-0.129,-0.064,1.303
-0.100,-0.055,1.365
-0.146,0.061,1.486
-0.193,0.203,1.568
-0.229,0.217,1.570
-0.299,0.100,1.637
-0.348,0.000,1.625
-0.338,0.045,1.494
-0.314,0.156,1.408
-0.312,0.162,1.377
-0.328,0.084,1.289
-0.406,0.098,1.244
-0.416,0.088,1.227
-0.314,0.045,1.291
-0.301,0.096,0.945
-0.488,0.187,0.977
-0.506,0.154,0.924
-0.488,0.123,0.879
-0.426,0.078,0.840
-0.449,0.107,0.898
-0.473,0.178,0.932
-0.482,0.217,0.986
-0.521,0.201,1.088
-0.514,0.131,1.160
-0.459,0.117,1.162
-0.461,0.137,1.178
-0.506,0.320,1.359
-0.367,0.324,1.451
-0.281,0.119,1.486
-0.447,0.150,1.678
-0.379,0.203,1.668
-0.207,0.070,1.656
-0.121,-0.053,1.539
-0.152,-0.010,1.512
-0.096,0.061,1.537
-0.146,0.055,1.369
-0.074,-0.107,1.262
0.039,-0.160,1.164
0.051,-0.057,1.041
0.141,0.061,0.939
0.254,-0.004,0.771
0.258,-0.104,0.736
0.115,-0.117,0.650
0.098,-0.168,0.650
0.137,-0.088,0.752
0.180,-0.006,0.783
0.207,0.057,0.859
0.105,0.014,0.869
0.037,-0.100,1.090
-0.094,-0.139,1.096
-0.219,0.004,1.219
-0.195,0.137,1.305
-0.158,0.150,1.314
-0.187,0.068,1.379
-0.207,-0.016,1.385
-0.238,-0.031,1.479
-0.260,-0.057,1.547
-0.381,-0.057,1.545
-0.529,-0.029,1.602
-0.605,0.051,1.555
-0.488,0.084,1.342
-0.113,0.945,1.123
-0.672,-0.090,1.496
-0.502,-0.516,0.588
-0.219,-1.172,0.807
-0.250,-0.988,0.494
-0.457,-0.029,0.738
-0.455,0.094,0.984
-0.623,0.227,0.771
-0.563,0.080,0.797
-0.559,-0.139,0.670
-0.492,0.273,1.102
-0.547,0.018,0.961
-0.664,0.088,0.977
-0.676,0.051,1.129
-0.668,0.000,1.197
-0.641,-0.068,1.238
-0.629,-0.109,1.344
-0.654,-0.074,1.488
-0.590,-0.016,1.553
-0.520,-0.031,1.672
-0.504,-0.027,1.697
-0.568,0.156,1.744
-0.197,0.109,1.701
-0.055,-0.063,1.598
-0.123,0.293,1.512
-0.027,0.012,1.336
0.084,-0.018,1.254
0.184,0.049,1.100
0.137,0.025,0.975
0.109,0.059,0.859
0.109,0.180,0.850
0.391,0.490,-0.125
0.113,-0.086,0.734
0.127,-0.053,0.643
0.113,-0.016,0.645
-0.260,0.176,0.271
0.234,-0.270,0.869
-0.025,-0.033,0.777
-0.023,-0.072,0.793
0.002,-0.143,0.996
-0.057,-0.164,1.105
-0.041,-0.176,1.268
-0.057,-0.113,1.477
-0.033,-0.066,1.484
-0.029,-0.107,1.467
-0.100,-0.133,1.471
-0.238,-0.008,1.611
-0.324,0.070,1.729
-0.332,0.084,1.682
-0.346,0.119,1.643
-0.385,0.098,1.584
-0.451,0.082,1.533
-0.502,0.070,1.387
-0.514,0.049,1.246
-0.504,0.092,1.154
-0.416,0.127,1.094
-0.391,0.195,0.986
-0.344,0.158,0.779
-0.359,0.170,0.771
-0.426,0.230,0.822
-0.486,0.266,0.809
-0.520,0.271,0.846
-0.514,0.193,0.926
-0.535,0.217,1.033
-0.549,0.273,1.133
-0.490,0.201,1.102
-0.494,0.018,1.232
-0.621,-0.006,1.537
-0.584,0.266,1.801
-0.385,0.328,1.764
-0.121,0.156,1.734
-0.197,0.012,1.779
-0.246,0.090,1.809
-0.127,0.215,1.832
0.016,0.107,1.865
0.090,-0.096,1.709
0.119,-0.258,1.535
0.174,-0.309,1.441
0.217,-0.279,1.344
0.205,-0.326,1.189
0.295,-0.258,0.947
0.271,-0.279,0.727
1.037,-1.076,0.168
-0.322,-0.123,0.248
0.059,0.195,0.645
0.125,-0.055,0.758
0.078,-0.029,0.668
-0.180,0.219,0.502
0.297,-0.303,0.734
0.168,-0.148,0.676
0.162,-0.023,0.754
0.092,-0.029,0.912
-0.020,-0.072,1.059
0.105,-0.715,1.473
-0.004,-0.092,1.342
-0.072,-0.035,1.416
-0.131,0.010,1.541
-0.152,0.023,1.584
-0.150,-0.018,1.629
-0.187,-0.027,1.637
-0.221,0.051,1.670
-0.248,0.119,1.662
-0.303,0.152,1.658
-0.350,0.131,1.531
-0.352,0.086,1.369
-0.375,0.135,1.322
-0.436,0.217,1.281
-0.408,0.234,1.150
-0.432,0.217,1.010
-0.139,0.037,1.041
-0.525,0.223,0.977
-0.572,0.350,0.914
-0.543,0.330,0.934
-0.568,0.295,1.002
-0.523,0.281,1.061
-0.455,0.264,1.111
-0.428,0.203,1.182
-0.424,0.145,1.316
-0.406,0.133,1.453
-0.408,0.180,1.553
-0.307,0.199,1.631
-0.293,0.229,1.729
-0.322,0.283,1.887
-0.254,0.303,2.105
-0.092,0.125,1.947
0.023,-0.086,1.729
0.045,-0.117,1.545
0.033,-0.014,1.471
0.037,-0.057,1.309
-0.008,-0.156,1.168
-0.037,-0.236,1.029
-0.090,-0.246,0.951
-0.002,-0.209,0.879
-0.020,-0.148,0.811
0.051,-0.129,0.734
0.088,-0.137,0.629
0.041,-0.145,0.551
0.049,-0.145,0.566
0.127,-0.150,0.549
0.201,-0.117,0.592
0.154,-0.113,0.639
0.096,-0.150,0.717
0.055,-0.195,0.857
0.059,-0.152,1.008
0.082,-0.072,1.158
0.049,-0.014,1.297
-0.027,-0.008,1.412
-0.074,-0.049,1.516
-0.109,-0.037,1.656
-0.125,0.020,1.754
-0.158,0.064,1.799
-0.201,0.096,1.826
-0.264,0.111,1.811
-0.344,0.107,1.770
-0.398,0.074,1.713
-0.422,0.076,1.586
-0.467,0.072,1.463
-0.496,0.100,1.344
-0.541,0.176,1.240
-0.611,0.244,1.129
-0.582,0.275,1.002
-0.613,0.182,0.967
-0.621,0.252,0.910
-0.457,0.187,0.805
-0.303,0.230,0.801
-0.375,0.281,0.836
-0.066,0.387,1.016
-0.637,0.105,1.031
-0.387,-0.078,0.926
-0.383,-0.104,1.170
-0.426,0.119,1.354
-0.381,0.236,1.469
-0.355,0.197,1.615
-0.391,0.113,1.730
-0.254,0.094,1.779
-0.100,0.105,1.805
-0.033,0.047,1.801
-0.041,-0.061,1.820
-0.027,-0.045,1.762
0.137,-0.021,1.600
0.158,-0.021,1.447
0.088,-0.100,1.338
0.033,-0.176,1.195
0.219,-0.160,1.006
0.297,-0.031,0.916
1.223,-0.582,-0.008
0.170,-0.316,0.598
-0.158,-0.297,-0.168
0.164,-0.580,0.768
0.467,-0.432,1.102
0.184,-0.203,0.238
-0.002,-0.090,0.783
0.008,-1.164,0.184
-0.236,0.375,0.631
0.371,-1.035,-0.109
-0.211,-0.102,0.729
0.639,1.223,1.660
-0.066,-0.137,1.133
-0.371,-0.020,1.086
-0.254,-0.008,1.197
-0.297,-0.037,1.281
-0.170,-0.129,1.449
-0.264,0.039,1.568
-0.244,0.184,1.607
-0.303,0.172,1.611
-0.236,0.102,1.566
-0.305,0.090,1.518
-0.324,0.092,1.482
-0.297,0.150,1.426
-0.299,0.186,1.373
-0.375,0.186,1.305
-0.525,0.184,1.205
-0.611,0.189,1.105
-0.494,0.164,0.990
-0.467,0.217,0.891
-0.398,0.344,0.760
-0.477,0.320,0.801
-0.576,0.291,0.861
-0.572,0.238,0.895
-0.449,0.221,0.920
-0.457,0.262,0.938
-0.492,0.270,1.035
-0.471,0.203,1.145
-0.395,0.123,1.193
-0.395,0.084,1.250
-0.420,0.053,1.355
-0.457,0.086,1.482
-0.439,0.109,1.543
-0.373,0.096,1.592
-0.348,0.139,1.658
-0.303,0.061,1.652
-0.143,-0.158,1.689
-0.223,-0.021,1.607
-0.178,0.059,1.521
-0.135,0.096,1.430
-0.088,0.039,1.350
-0.256,0.000,1.186
-0.070,-0.096,1.074
0.031,-0.078,0.912
0.133,-0.010,0.811
1.064,-0.484,0.348
0.057,0.291,1.230
0.105,-0.238,0.305
0.035,-0.281,0.457
-0.033,-0.092,0.174
0.018,0.129,0.637
0.084,0.055,0.506
-0.109,-0.006,0.891
-0.270,0.102,0.818
-0.164,-0.111,1.092
-0.312,-0.047,1.082
-0.367,0.039,1.162
-0.389,0.043,1.221
-0.404,0.008,1.316
-0.410,0.041,1.359
-0.420,0.084,1.371
-0.473,0.135,1.477
-0.463,0.111,1.527
-0.439,0.076,1.479
-0.428,0.039,1.436
-0.432,0.041,1.357
-0.711,0.402,1.271
-0.369,0.299,1.057
-0.553,0.066,1.262
-0.396,0.100,1.178
-0.799,0.506,0.793
-0.359,0.105,0.881
-0.412,0.187,0.852
-0.645,0.318,0.922
-0.613,0.385,0.887
-0.611,0.408,0.828
-0.566,0.232,0.895
-0.574,0.148,0.898
-0.602,0.172,0.951
-0.592,0.252,0.994
-0.500,0.209,1.043
-0.516,0.135,1.244
-0.521,0.150,1.344
-0.488,0.162,1.400
-0.488,0.094,1.492
-0.459,0.059,1.588
-0.381,0.072,1.633
-0.283,0.018,1.605
-0.295,-0.059,1.619
-0.215,-0.088,1.578
-0.123,0.012,1.518
-0.059,0.082,1.490
0.020,0.059,1.348
0.002,0.088,1.236
-0.064,0.117,1.131
-0.066,0.098,1.066
-0.047,0.061,1.020
0.037,0.041,0.895
0.068,-0.016,0.770
-0.035,0.029,-0.199
-0.178,-0.205,0.350
-0.109,-0.121,0.639
0.195,0.127,0.250
0.443,-0.209,0.910
0.236,-0.074,0.889
-0.135,0.117,0.707
-0.172,-0.014,0.891
-0.125,-0.025,1.008
-0.148,0.088,1.166
-0.123,0.145,1.283
-0.055,0.139,1.350
-0.057,0.166,1.379
-0.143,0.187,1.449
-0.211,0.211,1.543
-0.195,0.186,1.570
-0.205,0.172,1.621
-0.297,0.184,1.678
-0.367,0.203,1.592
-0.365,0.258,1.459
-0.359,0.250,1.342
-0.424,0.227,1.320
-0.465,0.236,1.227
-0.447,0.281,1.109
-0.418,0.359,0.998
-0.498,0.420,0.936
-0.512,0.230,0.992
-0.613,0.461,0.904
-0.555,0.344,0.891
-0.531,0.330,0.926
-0.561,0.316,0.971
-0.543,0.248,1.051
-0.490,0.131,1.074
-0.459,0.078,1.082
-0.479,0.193,1.201
-0.521,0.361,1.430
-0.365,0.338,1.527
-0.256,0.057,1.467
-0.193,-0.035,1.553
-0.275,0.211,1.713
-0.238,0.330,1.711
-0.166,0.109,1.689
-0.154,-0.107,1.559
-0.059,-0.115,1.469
0.105,-0.016,1.357
-0.012,0.072,1.318
-0.064,0.137,1.271
-0.029,0.064,1.131
0.127,0.014,0.945
0.070,0.078,0.887
0.074,-0.045,0.826
0.074,-0.135,0.758
-0.010,-0.033,0.582
0.166,-0.063,0.744
0.180,0.109,0.752
0.094,0.131,0.752
0.043,0.104,0.799
-0.020,0.047,0.865
-0.084,-0.037,0.932
-0.154,-0.004,1.008
-0.199,0.172,1.135
-0.195,0.299,1.195
-0.211,0.246,1.270
-0.234,0.166,1.307
-0.271,0.154,1.359
-0.354,0.219,1.432
-0.398,0.271,1.510
-0.418,0.330,1.592
-0.299,0.201,1.439
-0.303,0.084,1.320
-0.455,0.137,1.363
-0.529,0.291,1.357
-0.416,0.293,1.303
-0.309,0.203,1.225
-0.414,0.211,1.145
-0.557,0.357,1.061
-0.443,0.320,0.973
-0.436,0.318,0.896
-0.525,0.418,0.979
-0.424,0.297,0.822
-0.463,0.248,0.758
-0.504,0.252,0.828
-0.545,0.291,0.902
-0.535,0.307,0.961
-0.512,0.258,0.984
-0.502,0.203,1.012
-0.578,0.242,1.193
-0.512,0.230,1.213
-0.473,0.137,1.215
-0.486,0.080,1.283
-0.514,0.191,1.467
-0.402,0.244,1.547
-0.359,0.160,1.576
-0.389,0.080,1.598
-0.373,0.135,1.615
-0.221,0.129,1.604
-0.145,0.059,1.611
-0.187,0.109,1.457
0.014,0.189,1.359
0.061,0.223,1.205
0.014,0.127,1.117
-0.061,0.072,1.029
-0.074,0.078,0.949
-0.008,0.074,0.826
0.023,0.141,0.781
-0.035,0.115,0.744
-0.029,0.031,0.680
-0.061,-0.156,0.611
-0.004,-0.109,0.631
-0.012,-0.057,0.668
-0.049,0.006,0.734
-0.088,0.006,0.809
-0.131,-0.023,0.877
-0.178,-0.016,0.961
-0.248,-0.035,1.037
-0.275,-0.016,1.225
-0.342,0.082,1.348
-0.307,0.137,1.377
-0.246,0.125,1.389
-0.328,0.182,1.455
-0.398,0.201,1.498
-0.428,0.219,1.562
-0.387,0.182,1.543
-0.375,0.176,1.496
-0.379,0.230,1.477
-0.342,0.283,1.352
-0.342,0.289,1.305
-0.344,0.283,1.287
-0.238,0.232,1.178
-0.572,0.172,1.268
-0.807,0.340,1.180
0.447,0.330,0.994
0.277,1.059,0.807
-0.832,0.213,1.004
-0.951,0.105,1.035
-0.441,-0.148,0.980
-0.256,0.090,0.805
-0.174,0.252,0.803
-0.486,0.477,0.941
-0.576,0.383,1.100
-0.518,-0.010,1.055
-0.262,0.014,1.232
-0.127,0.080,1.391
-0.359,0.223,1.385
-0.340,0.229,1.461
-0.260,0.186,1.432
-0.076,0.158,1.586
0.055,0.146,1.412
-0.047,0.094,1.518
-0.107,0.012,1.521
0.020,-0.070,1.432
0.070,-0.006,1.334
-0.002,0.135,1.172
0.037,0.363,1.354
-0.111,0.063,1.203
0.066,0.084,1.053
0.125,0.154,0.959
0.100,0.129,1.029
-0.072,0.121,0.961
-0.043,-0.043,0.807
0.115,-0.137,0.656
0.191,-0.119,0.695
0.119,-0.070,0.771
0.002,0.000,0.779
-0.104,0.096,0.811
-0.207,0.084,0.820
-0.154,-0.039,0.906
-0.238,-0.094,0.984
-0.242,-0.168,1.174
-0.348,-0.037,1.238
-0.352,0.115,1.293
-0.303,0.139,1.303
-0.234,0.162,1.342
-0.275,0.256,1.379
-0.229,0.291,1.432
-0.340,0.336,1.418
-0.340,0.281,1.449
-0.312,0.258,1.453
-0.311,0.273,1.338
-0.295,0.244,1.232
-0.277,0.193,1.187
-0.295,0.199,1.160
-0.367,0.182,1.117
-0.404,0.264,1.037
-0.398,0.289,0.996
-0.336,0.309,0.934
-0.484,0.314,0.955
-0.439,0.219,0.904
-0.492,0.219,0.939
-0.488,0.240,0.971
-0.506,0.246,1.016
-0.496,0.211,1.043
-0.486,0.223,1.119
-0.426,0.230,1.197
-0.396,0.268,1.246
-0.340,0.145,1.301
-0.389,0.160,1.420
-0.357,0.240,1.451
-0.268,0.143,1.473
-0.227,-0.010,1.512
-0.229,0.041,1.652
-0.207,0.164,1.643
-0.152,0.152,1.551
-0.121,0.059,1.506
-0.131,0.092,1.504
-0.061,0.078,1.486
-0.029,0.121,1.314
0.004,0.158,1.223
-0.004,0.184,1.113
0.055,0.184,0.992
0.217,0.201,0.809
0.285,0.051,0.754
0.102,-0.047,0.615
0.027,-0.037,0.621
-0.008,0.014,0.568
0.018,0.070,0.607
0.027,0.055,0.596
0.000,0.004,0.658
-0.059,-0.086,0.736
-0.113,-0.137,0.824
-0.176,-0.135,0.994
-0.205,-0.041,1.139
-0.191,0.092,1.242
-0.260,0.131,1.354
-0.311,0.041,1.426
-0.307,-0.010,1.449
-0.322,0.016,1.500
-0.324,0.082,1.537
-0.371,0.193,1.594
-0.365,0.264,1.586
-0.363,0.289,1.555
-0.279,0.260,1.473
-0.242,0.184,1.412
-0.234,0.072,1.359
-0.180,0.047,1.238
-0.164,0.063,1.143
-0.189,0.125,1.139
-0.264,0.201,1.092
-0.289,0.193,0.971
-0.410,0.215,0.910
-0.289,0.152,0.936
-0.279,0.201,0.904
-0.324,0.207,0.902
-0.408,0.264,0.922
-0.441,0.273,0.951
-0.410,0.215,0.988
-0.363,0.150,1.023
-0.398,0.178,1.125
-0.383,0.197,1.166
-0.354,0.135,1.258
-0.375,0.174,1.428
-0.344,0.295,1.541
-0.232,0.314,1.521
-0.162,0.160,1.547
-0.170,0.096,1.600
-0.227,0.076,1.598
-0.227,0.066,1.611
-0.193,0.043,1.586
-0.158,0.004,1.551
-0.229,0.051,1.453
-0.117,0.043,1.352
-0.059,0.057,1.285
0.141,0.027,1.111
0.402,-0.035,0.916
0.211,-0.031,0.703
0.080,-0.156,0.727
-0.602,-0.441,-0.670
0.014,0.014,0.629
-0.047,-0.016,0.828
-0.086,0.027,0.732
-0.105,0.121,0.141
0.225,-0.187,0.953
0.027,-0.035,0.900
-0.045,0.021,0.898
-0.008,0.029,1.000
-0.148,0.012,1.049
-0.187,0.014,1.150
-0.156,0.068,1.201
-0.186,0.064,1.277
-0.117,0.031,1.320
-0.158,0.031,1.482
-0.207,0.117,1.523
-0.248,0.182,1.527
-0.227,0.186,1.564
-0.195,0.182,1.553
-0.164,0.145,1.480
-0.166,0.105,1.449
-0.158,0.117,1.363
-0.170,0.148,1.312
-0.139,0.186,1.268
-0.172,0.203,1.187
-0.266,0.219,1.154
-0.221,0.164,1.051
-0.203,0.105,1.023
-0.262,0.230,0.990
-0.346,0.227,0.932
-0.383,0.219,0.936
-0.357,0.180,0.936
-0.348,0.174,0.953
-0.375,0.191,0.990
-0.361,0.184,1.004
-0.340,0.168,1.057
-0.336,0.160,1.139
-0.350,0.160,1.279
-0.389,0.203,1.439
-0.311,0.238,1.504
-0.189,0.168,1.529
-0.148,0.043,1.555
-0.219,0.018,1.766
-0.234,0.029,1.715
-0.127,-0.070,1.598
-0.059,-0.123,1.492
0.014,0.018,1.418
-0.051,0.100,1.424
-0.061,0.119,1.367
-0.121,0.135,1.236
-0.061,0.160,1.109
0.006,0.162,0.998
0.012,0.098,0.898
0.012,0.035,0.832
0.033,-0.020,0.775
0.277,-0.021,1.660
-0.150,0.379,0.930
0.100,0.152,0.574
0.076,0.041,0.719
-0.010,0.057,0.725
-0.059,0.004,0.744
-0.111,0.043,0.828
-0.115,0.066,0.887
-0.143,0.131,0.990
-0.168,0.096,1.082
-0.246,0.057,1.184
-0.250,0.088,1.318
-0.311,0.176,1.373
-0.270,0.172,1.430
-0.234,0.156,1.391
-0.303,0.113,1.453
-0.307,0.146,1.479
-0.234,0.189,1.475
-0.209,0.207,1.428
-0.221,0.160,1.398
-0.197,0.109,1.363
-0.187,0.070,1.322
-0.182,0.084,1.262
-0.180,0.172,1.215
-0.250,0.244,1.154
-0.312,0.195,1.098
-0.338,0.053,0.941
-0.289,0.063,0.947
-0.270,0.170,0.936
-0.357,0.281,0.957
-0.322,0.283,0.906
-0.314,0.203,0.900
-0.369,0.180,0.959
-0.324,0.162,0.980
-0.305,0.127,0.994
-0.305,0.135,0.975
-0.324,0.162,1.012
-0.387,0.326,1.205
-0.354,0.438,1.289
-0.314,0.338,1.352
-0.371,0.148,1.531
-0.348,0.193,1.756
-0.207,0.184,1.717
-0.160,0.025,1.652
-0.219,-0.008,1.652
-0.145,0.035,1.660
-0.053,-0.080,1.682
-0.043,-0.047,1.451
-0.020,0.072,1.303
-0.018,0.072,1.180
-0.006,0.029,1.051
0.205,0.016,0.992
0.176,0.074,0.896
0.082,0.156,0.852
0.746,-0.975,1.061
-0.387,-0.170,0.900
-0.256,-0.039,0.586
-0.234,0.064,0.871
-0.143,-0.406,-0.299
0.494,-2.213,0.035
-0.148,0.135,0.598
0.254,-0.010,1.154
-0.213,0.119,0.816
-0.139,-0.104,0.936
-0.148,-0.186,0.682
-0.252,-0.043,1.043
-0.225,0.146,1.182
-0.162,0.148,1.248
-0.217,0.061,1.301
-0.289,-0.027,1.314
-0.268,-0.061,1.367
-0.262,0.090,1.465
-0.293,0.232,1.520
-0.297,0.316,1.557
-0.312,0.379,1.533
-0.260,0.285,1.463
-0.186,0.152,1.365
-0.271,0.082,1.320
-0.227,0.084,1.279
-0.197,0.133,1.191
-0.229,0.115,1.133
-0.367,0.145,1.238
-0.332,0.125,1.021
-0.408,0.203,0.963
-0.393,0.209,0.914
-0.262,0.170,0.867
-0.344,0.141,0.922
-0.412,0.137,0.918
-0.436,0.164,0.906
-0.445,0.211,0.936
-0.420,0.240,0.980
-0.402,0.180,1.059
-0.445,0.104,1.168
-0.482,0.070,1.279
-0.459,0.047,1.352
-0.352,0.025,1.467
-0.330,0.156,1.703
-0.135,0.229,1.680
-0.047,0.051,1.623
-0.123,-0.150,1.621
-0.074,-0.059,1.672
-0.158,0.057,1.629
-0.057,-0.041,1.498
-0.045,-0.082,1.420
-0.107,0.057,1.340
-0.055,0.248,1.271
0.072,0.178,1.082
0.008,-0.006,0.959
-0.037,-0.186,0.869
-0.102,-0.076,0.846
-0.125,0.047,0.799
0.516,-0.721,0.385
-0.070,-0.021,0.645
-0.186,-0.168,0.627
0.031,-0.102,0.783
0.010,-0.037,0.773
-0.033,0.061,0.770
-0.107,0.063,0.816
-0.166,-0.006,0.904
-0.256,-0.037,1.000
-0.307,0.029,1.127
-0.258,0.131,1.203
-0.197,0.092,1.244
-0.316,0.008,1.270
-0.391,-0.031,1.512
-0.441,0.203,1.582
-0.234,0.273,1.543
-0.160,0.250,1.555
-0.350,0.047,1.486
-0.402,-0.121,1.518
-0.271,0.020,1.385
-0.211,0.143,1.426
-0.191,0.205,1.338
-0.207,0.180,1.234
-0.180,0.104,1.141
-0.221,0.129,1.055
-0.348,0.158,1.025
-0.404,0.312,1.098
-0.471,0.205,0.941
-0.381,0.115,0.912
-0.406,0.119,0.924
-0.400,0.193,0.881
-0.449,0.229,0.896
-0.457,0.209,0.938
-0.416,0.187,1.012
-0.387,0.152,1.043
-0.402,0.100,1.156
-0.400,0.119,1.187
-0.367,0.137,1.273
-0.324,0.074,1.340
-0.354,0.090,1.475
-0.352,0.201,1.572
-0.174,0.186,1.586
-0.107,0.041,1.615
-0.186,-0.084,1.518
-0.094,-0.178,1.533
-0.047,-0.203,1.566
0.059,-0.076,1.344
0.184,-0.070,1.238
0.023,-0.064,1.184
0.010,-0.006,1.094
0.143,0.041,1.000
0.133,-0.023,0.928
0.133,-0.064,0.891
0.086,-0.045,0.867
0.063,-0.063,0.844
0.102,-0.037,0.787
0.082,-0.027,0.771
0.055,-0.006,0.828
-0.021,0.025,0.871
-0.010,0.016,0.904
-0.039,-0.041,0.959
-0.072,-0.064,1.016
-0.115,-0.010,1.072
-0.166,0.105,1.150
-0.135,0.127,1.191
-0.189,0.094,1.230
-0.205,0.086,1.291
-0.305,0.111,1.348
-0.346,0.131,1.367
-0.273,0.037,1.340
-0.271,0.051,1.344
-0.297,0.186,1.369
-0.250,0.225,1.355
-0.143,0.145,1.324
-0.137,0.043,1.244
-0.182,-0.021,1.205
-0.217,0.012,1.209
-0.264,0.131,1.189
-0.334,0.375,1.039
-0.328,0.266,0.990
-0.254,0.176,0.918
-0.289,0.080,0.877
-0.355,0.141,0.910
-0.379,0.246,0.902
-0.402,0.266,0.893
-0.496,0.227,0.914
-0.496,0.178,0.955
-0.496,0.187,1.023
-0.482,0.227,1.105
-0.484,0.193,1.193
-0.516,0.121,1.312
-0.525,0.098,1.449
-0.371,0.088,1.518
-0.230,0.176,1.641
-0.123,0.289,1.588
0.021,0.096,1.539
-0.070,-0.088,1.484
-0.086,0.016,1.449
-0.096,0.016,1.490
0.027,-0.125,1.477
0.004,-0.186,1.311
0.012,-0.154,1.197
0.088,-0.016,1.125
0.117,0.047,1.090
0.080,-0.049,1.000
0.027,-0.121,0.938
-0.033,-0.098,0.877
0.043,-0.068,0.801
0.078,-0.037,0.773
0.086,-0.082,0.746
0.082,-0.104,0.768
0.059,-0.084,0.777
0.010,-0.047,0.828
-0.025,-0.027,0.906
-0.053,-0.023,0.975
-0.061,-0.057,1.049
-0.119,-0.061,1.139
-0.150,-0.020,1.209
-0.176,-0.031,1.260
-0.193,0.041,1.363
-0.217,0.041,1.424
-0.232,0.031,1.424
-0.234,0.043,1.434
-0.256,0.059,1.461
-0.273,0.074,1.449
-0.191,0.039,1.373
-0.051,-0.074,1.328
-0.051,-0.059,1.355
-0.189,0.094,1.324
-0.270,0.187,1.283
-0.359,0.195,1.252
-0.324,0.090,1.168
-0.174,-0.045,0.980
-0.320,0.104,0.955
-0.281,0.217,0.920
-0.244,0.152,0.885
-0.348,0.180,0.951
-0.348,0.139,0.938
-0.316,0.201,0.959
-0.342,0.248,0.998
-0.344,0.275,1.045
-0.299,0.191,1.104
-0.309,0.172,1.264
-0.316,0.232,1.361
-0.252,0.287,1.437
-0.180,0.137,1.408
-0.234,-0.080,1.408
-0.021,0.020,1.672
-0.283,0.148,1.668
-0.174,0.135,1.639
-0.174,-0.059,1.652
-0.189,-0.150,1.602
-0.174,-0.195,1.486
0.014,-0.174,1.365
-0.035,-0.131,1.379
0.014,-0.061,1.266
0.088,-0.035,1.098
0.109,-0.021,1.016
0.063,0.008,0.926
0.100,-0.041,0.873
0.195,-0.105,0.766
0.234,-0.119,0.648
0.199,-0.055,0.656
0.121,0.066,0.695
0.086,0.080,0.766
0.016,0.068,0.781
-0.010,0.000,0.836
-0.063,-0.055,0.922
-0.080,-0.088,1.016
-0.109,-0.053,1.109
-0.111,-0.004,1.205
0.063,0.066,1.289
-0.113,0.121,1.365
-0.191,0.105,1.428
-0.227,0.072,1.492
-0.187,0.025,1.514
-0.195,0.080,1.529
-0.184,0.143,1.498
-0.203,0.187,1.508
-0.248,0.197,1.482
-0.248,0.146,1.369
-0.271,0.131,1.283
-0.312,0.143,1.223
-0.346,0.162,1.207
-0.385,0.139,1.145
-0.826,0.328,0.254
-0.367,-0.414,1.367
-0.277,0.057,0.291
-0.318,0.250,1.000
-0.338,0.102,0.807
-0.318,0.064,0.990
-0.350,0.076,0.750
-0.211,0.057,1.111
-0.385,-0.002,1.023
-0.193,0.074,1.107
-0.150,0.086,1.211
-0.096,0.184,1.340
-0.057,0.191,1.418
-0.080,0.070,1.508
-0.178,-0.088,1.561
-0.168,0.002,1.615
-0.043,0.031,1.543
-0.070,0.072,1.428
0.037,0.127,1.531
0.072,-0.150,1.533
-0.051,-0.029,1.287
-0.088,-0.080,1.178
-0.115,-0.072,1.135
-0.143,0.033,1.117
-0.131,0.096,1.057
-0.070,0.074,0.969
-0.117,0.021,0.912
-0.053,0.000,0.836
-0.010,0.018,0.764
0.012,0.023,0.727
0.018,-0.014,0.676
0.004,-0.020,0.689
-0.004,0.047,0.748
-0.029,0.119,0.795
-0.047,0.115,0.834
-0.096,0.018,0.883
-0.129,-0.082,0.939
-0.172,-0.078,1.061
-0.227,0.037,1.133
-0.242,0.152,1.219
-0.271,0.082,1.270
-0.312,0.002,1.322
-0.352,-0.049,1.350
-0.363,-0.008,1.373
-0.371,0.096,1.410
-0.383,0.186,1.439
-0.314,0.199,1.510
-0.340,0.264,1.477
-0.156,0.094,1.328
-0.119,-0.002,1.250
-0.078,0.187,1.303
0.008,0.027,1.051
-0.045,0.119,1.041
-0.162,0.203,1.090
-0.346,0.291,1.043
-0.453,0.236,0.951
-0.465,0.223,1.135
-0.482,0.186,1.057
-0.430,0.141,0.977
-0.400,0.121,0.975
-0.395,0.139,0.988
-0.381,0.164,0.998
-0.396,0.129,1.070
-0.373,0.061,1.123
-0.381,0.000,1.162
-0.387,0.004,1.266
-0.363,0.121,1.367
-0.312,0.111,1.490
-0.289,0.059,1.611
-0.264,0.020,1.646
-0.238,-0.066,1.611
-0.227,-0.068,1.619
-0.117,-0.012,1.664
-0.143,0.002,1.580
-0.111,-0.063,1.459
-0.078,-0.074,1.299
0.051,0.012,1.117
0.090,0.033,0.973
0.053,0.021,0.928
-0.033,-0.012,0.816
-0.004,0.064,0.795
0.137,-0.006,0.570
0.066,0.178,0.740
-0.061,0.131,0.639
-0.039,-0.061,0.686
-0.080,-0.117,0.695
-0.119,-0.072,0.752
-0.107,0.037,0.803
-0.115,0.104,0.840
-0.123,0.084,0.889
-0.180,-0.031,0.951
-0.279,-0.041,1.055
-0.264,0.078,1.187
-0.291,0.182,1.195
-0.312,0.104,1.234
-0.277,-0.064,1.289
-0.324,-0.137,1.289
-0.359,0.020,1.416
-0.348,0.221,1.459
-0.211,0.268,1.492
-0.223,0.137,1.469
-0.283,0.014,1.354
-0.326,-0.002,1.277
-0.248,0.068,1.312
-0.223,0.096,1.316
-0.301,0.121,1.283
-0.338,0.135,1.203
0.064,0.020,1.002
0.250,-0.072,1.229
-0.414,0.119,0.430
-0.123,0.242,0.895
0.021,0.012,1.041
-0.309,0.211,0.977
-0.332,0.141,1.035
-0.367,0.125,1.057
-0.332,0.082,1.064
-0.314,0.055,1.062
-0.309,0.047,1.158
-0.320,0.102,1.271
-0.281,0.176,1.348
-0.205,0.113,1.363
-0.189,-0.057,1.375
-0.166,-0.213,1.516
-0.299,0.008,1.568
-0.219,0.072,1.561
-0.100,-0.045,1.549
-0.055,-0.162,1.607
-0.086,-0.139,1.527
-0.129,-0.125,1.434
-0.145,0.027,1.242
0.031,-0.070,1.281
0.000,-0.029,1.137
-0.098,0.113,1.131
0.229,0.049,0.596
0.342,-0.049,1.021
0.109,-0.100,0.730
0.150,-0.187,0.609
0.021,-0.096,0.377
0.098,-0.240,0.650
0.039,-0.068,0.664
-0.043,-0.045,0.686
-0.063,0.105,0.818
-0.008,0.010,0.783
-0.123,-0.057,0.852
-0.238,-0.063,0.920
-0.301,-0.029,1.078
-0.316,0.041,1.209
-0.225,0.047,1.209
-0.229,0.018,1.230
-0.301,-0.027,1.309
-0.391,0.014,1.400
-0.422,0.053,1.465
-0.369,0.117,1.479
-0.328,0.141,1.459
-0.404,0.127,1.486
-0.262,0.059,1.381
-0.215,0.014,1.416
-0.129,-0.035,1.373
-0.125,-0.016,1.223
-0.166,0.047,1.205
-0.279,0.078,1.152
-0.336,0.082,1.139
-0.377,0.045,1.057
-0.381,-0.004,1.031
-0.361,0.086,0.980
-0.336,0.135,0.926
-0.355,0.180,0.906
-0.395,0.207,0.904
-0.447,0.211,0.902
-0.438,0.199,0.891
-0.436,0.221,0.941
-0.402,0.221,0.971
-0.408,0.186,1.066
-0.410,0.174,1.164
-0.400,0.209,1.209
-0.359,0.193,1.260
-0.326,0.203,1.420
-0.342,0.219,1.502
-0.348,0.146,1.543
-0.338,0.070,1.607
-0.311,0.002,1.625
-0.262,-0.064,1.590
-0.266,-0.137,1.557
-0.359,-0.104,1.510
-0.205,-0.145,1.477
-0.197,-0.068,1.340
0.451,-0.318,1.545
-0.187,0.018,0.705
0.016,-0.201,1.291
0.135,-0.344,0.701
0.082,-0.299,0.963
0.184,-0.275,0.705
0.109,-0.100,0.750
0.100,-0.086,0.805
-0.240,0.066,0.656
0.193,-0.244,0.639
0.098,-0.043,0.744
0.080,0.027,0.820
-0.086,0.145,0.793
-0.201,0.178,0.816
-0.152,-0.039,1.037
-0.170,0.045,1.061
-0.213,0.127,1.127
-0.229,0.145,1.242
-0.270,0.084,1.217
-0.365,0.025,1.297
-0.395,-0.025,1.400
-0.461,-0.021,1.537
-0.498,0.078,1.557
-0.502,0.102,1.553
-0.498,0.096,1.547
-0.426,0.080,1.480
-0.273,0.047,1.348
-0.350,0.064,1.365
-0.379,0.066,1.334
-0.404,0.088,1.152
-0.432,0.156,0.990
-0.529,0.197,0.998
-0.527,0.246,0.924
-0.553,0.312,0.881
-0.424,0.299,0.797
-0.426,0.271,0.852
-0.406,0.271,0.871
-0.398,0.291,0.855
-0.424,0.283,0.859
-0.418,0.242,0.969
-0.428,0.305,1.043
-0.438,0.326,1.098
-0.420,0.412,1.115
-0.369,0.162,1.297
1.100,-1.182,1.586
-0.479,0.289,1.574
-0.813,0.770,1.453
0.004,-0.287,1.730
-0.424,-0.094,1.484
-0.242,-0.215,1.473
-0.119,-0.053,1.400
-0.143,-0.016,1.398
-0.238,-0.033,1.402
-0.279,-0.014,1.346
-0.283,0.035,1.283
-0.301,-0.031,1.227
-0.287,-0.070,1.189
-0.174,-0.016,1.164
-0.451,0.320,0.807
0.367,-0.100,0.967
0.061,-0.088,0.834
0.031,-0.105,0.773
-0.006,-0.107,0.740
0.168,-0.174,0.701
0.238,-0.369,0.375
-0.049,0.064,0.527
-0.107,0.100,0.824
-0.104,0.043,0.850
-0.109,0.029,0.951
-0.150,0.029,1.002
-0.307,0.098,1.061
-0.289,-0.010,1.213
-0.359,0.021,1.270
-0.449,0.068,1.352
-0.479,0.090,1.416
-0.482,0.102,1.439
-0.479,0.094,1.439
-0.449,0.088,1.449
-0.453,0.172,1.443
-0.391,0.143,1.289
-0.410,0.186,1.240
-0.414,0.221,1.221
-0.395,0.273,1.145
-0.400,0.283,1.086
-0.895,-0.229,1.330
-0.914,0.164,0.596
-0.350,0.480,0.994
-0.719,0.850,0.658
-0.523,0.469,0.930
-0.330,0.416,1.088
-0.477,0.465,1.004
-0.475,0.365,0.936
-0.342,0.232,1.043
-0.332,0.205,1.070
-0.344,0.240,1.115
-0.373,0.234,1.197
-0.348,0.143,1.242
-0.324,0.090,1.293
-0.311,0.100,1.316
-0.336,0.104,1.328
-0.375,0.049,1.346
-0.373,-0.039,1.377
-0.406,-0.004,1.426
-0.367,0.094,1.445
-0.330,0.084,1.391
-0.281,0.061,1.342
-0.205,0.119,1.301
-0.193,0.182,1.287
-0.146,0.182,1.225
-0.111,-0.223,0.521
-0.010,-0.143,0.898
0.014,-0.199,0.816
0.002,-0.320,0.656
0.131,-0.187,0.607
0.053,-0.084,0.668
0.143,-0.168,0.449
0.000,-0.082,0.660
0.014,-0.113,0.721
-0.174,0.021,0.709
-0.152,0.154,0.840
-0.197,0.014,0.934
-0.191,-0.033,0.967
-0.221,-0.041,1.062
-0.312,0.076,1.154
-0.354,0.152,1.219
-0.371,0.145,1.295
-0.365,0.084,1.385
-0.348,0.063,1.436
-0.418,0.078,1.451
-0.469,0.141,1.480
-0.451,0.184,1.496
-0.428,0.207,1.531
-0.512,0.297,1.555
-0.418,0.346,1.410
-0.262,0.410,1.336
-0.275,0.453,1.252
-0.441,0.471,1.113
-0.158,0.529,1.033
-0.977,3.475,-0.393
-0.395,-0.320,1.254
-0.332,-0.361,1.906
-0.375,0.326,0.943
-0.412,0.275,0.871
-0.420,0.258,0.957
-0.414,0.264,1.010
-0.426,0.275,1.092
-0.434,0.229,1.113
-0.414,0.158,1.117
-0.432,0.090,1.187
-0.469,0.031,1.320
-0.443,0.008,1.350
-0.328,-0.061,1.363
-0.375,-0.014,1.346
-0.357,0.074,1.383
-0.238,0.158,1.443
-0.129,0.086,1.355
-0.154,-0.059,1.307
-0.260,-0.131,1.277
-0.334,-0.021,1.279
-0.145,0.049,1.180
-0.102,0.025,1.143
-0.219,-0.137,1.008
-0.033,-0.385,1.076
-0.039,-0.133,0.852
0.051,0.045,0.779
0.551,-0.225,1.055
0.244,-0.063,0.906
0.002,0.047,0.826
0.211,-0.086,0.727
-0.016,0.084,0.842
-0.025,-0.047,0.965
-0.031,0.080,0.965
-0.088,0.082,0.992
-0.234,0.076,1.000
-0.223,0.107,1.018
-0.213,0.016,1.088
-0.256,-0.012,1.141
-0.340,0.021,1.215
-0.379,0.061,1.223
-0.361,0.076,1.236
-0.375,0.094,1.289
-0.418,0.080,1.301
-0.367,-0.006,1.277
-0.227,-0.059,1.305
-0.299,0.043,1.393
-0.354,0.121,1.303
-0.451,0.131,1.303
-0.363,0.088,1.238
-0.355,0.121,1.172
-0.447,0.264,1.113
-0.441,0.328,1.105
-0.514,0.391,0.998
-0.420,0.320,0.965
-0.377,0.332,0.951
-0.420,0.361,0.975
-0.404,0.410,0.998
-0.400,0.408,1.029
-0.385,0.293,1.035
-0.371,0.229,1.092
-0.379,0.178,1.139
-0.426,0.162,1.219
-0.475,0.125,1.316
-0.428,0.111,1.488
-0.320,0.068,1.521
-0.250,-0.031,1.506
-0.037,-0.445,1.686
-0.334,-0.094,1.613
-0.271,0.051,1.656
-0.133,0.094,1.598
-0.070,-0.047,1.480
-0.104,-0.172,1.424
-0.088,-0.127,1.410
-0.057,-0.072,1.238
0.049,-0.066,1.225
-0.033,-0.127,1.154
-0.033,-0.094,1.010
0.186,-0.174,0.904
0.158,-0.023,0.799
0.045,-0.020,0.758
-0.012,-0.055,0.734
-0.037,-0.066,0.727
-0.352,0.295,0.656
-0.404,0.150,0.561
-1.246,-0.732,0.971
-0.326,0.135,0.846
-0.322,-0.051,0.930
0.139,-0.895,1.076
-0.639,-1.238,1.361
-0.730,-0.133,1.145
-0.225,-0.078,1.281
-0.451,-0.266,1.199
-0.639,0.262,1.355
-0.395,0.055,1.420
-0.375,-0.047,1.420
-0.420,-0.047,1.387
-0.527,0.080,1.299
-0.500,0.086,1.316
-0.342,0.152,1.213
-0.348,0.027,1.186
-0.354,0.025,1.111
-0.418,0.078,1.039
-0.404,0.143,1.018
-0.279,0.295,1.275
-0.445,0.031,1.471
-0.277,0.135,0.930
-0.189,0.162,0.820
-0.617,0.771,1.094
-0.424,0.244,1.014
-0.484,0.328,0.992
-0.568,0.383,1.010
-0.598,0.367,1.072
-0.549,0.279,1.158
-0.492,0.195,1.252
-0.500,0.182,1.350
-0.430,0.242,1.447
-0.391,0.178,1.451
-0.400,0.043,1.445
-0.408,-0.180,1.709
-0.242,-0.029,1.619
-0.311,-0.004,1.541
-0.330,-0.039,1.500
-0.350,-0.035,1.490
-0.256,0.012,1.445
-0.260,-0.047,1.336
-0.271,-0.090,1.242
-0.268,-0.059,1.182
-0.178,0.186,1.125
-0.072,0.150,0.980
-0.154,0.006,0.916
-0.189,-0.064,0.813
-0.146,-0.045,0.721
-0.141,0.031,0.668
-0.115,0.066,0.617
-0.092,0.035,0.568
-0.139,-0.066,0.545
-0.141,-0.139,0.512
-0.219,-0.105,0.578
-0.174,0.125,0.686
-0.135,0.217,0.779
-0.129,0.123,0.781
-0.232,-0.063,0.803
-0.338,-0.148,0.852
-0.342,-0.150,0.963
-0.324,-0.045,1.104
-0.338,0.057,1.244
-0.396,-0.006,1.330
-0.355,0.180,1.361
-0.361,0.242,1.416
-0.363,0.232,1.434
-0.434,0.240,1.445
-0.490,0.297,1.449
-0.506,0.291,1.410
-0.516,0.314,1.314
-0.506,0.348,1.225
-0.510,0.404,1.158
-0.531,0.416,1.092
-0.543,0.422,1.059
-0.545,0.455,1.043
-0.504,0.422,1.029
-0.525,0.367,1.033
-0.557,0.303,1.010
-0.533,0.281,1.006
-0.578,0.285,1.092
-0.572,0.234,1.100
-0.514,0.166,1.117
-0.584,0.139,1.186
-0.555,0.146,1.299
-0.402,0.090,1.293
-0.336,0.016,1.279
-0.420,0.020,1.336
-0.484,0.066,1.365
-0.494,0.025,1.330
-0.484,-0.014,1.291
-0.563,0.037,1.328
-0.652,0.232,1.520
-0.414,0.338,1.551
-0.432,0.141,1.400
-0.375,0.014,1.314
-0.338,0.027,1.191
-0.318,0.033,1.049
-0.250,0.039,0.982
-0.182,0.049,0.941
-0.166,0.129,0.896
-0.068,0.041,0.727
-0.025,0.006,0.631
-0.006,-0.016,0.578
0.008,-0.074,0.543
-0.018,-0.121,0.521
-0.037,-0.090,0.527
-0.047,-0.053,0.549
-0.049,-0.025,0.596
-0.053,-0.004,0.674
-0.096,-0.023,0.758
-0.176,-0.064,0.844
-0.727,0.398,0.881
-0.252,-0.193,1.148
-0.617,-1.064,1.746
-0.570,-0.158,1.127
-0.398,-0.123,1.437
-0.506,-0.061,1.506
-0.596,0.084,1.512
-0.488,0.092,1.443
-0.457,0.076,1.486
-0.457,0.072,1.598
-0.518,0.096,1.625
-0.496,0.156,1.564
-1.041,1.695,-0.352
-1.014,0.518,1.074
-0.926,0.338,0.104
0.334,-0.211,2.205
-0.529,-0.146,1.205
-0.174,-0.672,-0.299
-0.637,0.361,1.590
-0.318,0.111,0.848
-0.238,0.670,1.107
-0.580,0.512,0.730
-0.410,0.250,1.080
-0.553,0.654,1.180
-0.549,0.346,1.109
-0.564,0.436,0.994
-0.574,0.369,0.928
-0.555,0.207,1.203
-0.627,0.184,1.203
-0.662,0.230,1.297
-0.617,0.217,1.369
-0.580,0.125,1.352
-0.654,0.141,1.365
-0.678,0.215,1.447
-0.645,0.221,1.416
-0.623,0.193,1.357
-0.602,0.211,1.348
-0.531,0.174,1.283
-0.439,0.174,1.213
-0.396,0.221,1.170
-0.375,0.152,1.078
-0.381,0.072,0.961
-0.303,0.053,0.830
-0.232,0.115,0.717
-0.164,0.180,0.686
-0.178,0.156,0.625
-0.154,0.133,0.561
-0.145,0.055,0.508
-0.100,0.105,0.508
-0.055,0.201,0.531
-0.053,0.178,0.541
-0.115,0.123,0.535
-0.164,0.057,0.525
-0.236,0.082,0.607
-0.277,0.215,0.744
-0.314,0.287,0.840
-0.412,0.201,0.922
-0.529,0.072,0.980
-0.609,0.021,1.023
-0.627,0.090,1.105
-0.666,0.156,1.234
-0.648,0.197,1.285
-0.639,0.238,1.314
-0.652,0.309,1.348
-0.684,0.348,1.461
-0.668,0.389,1.441
-0.691,0.416,1.369
-0.682,0.438,1.324
-0.625,0.447,1.303
-0.379,0.773,1.158
-0.381,0.240,1.867
-0.391,0.451,1.113
-0.486,0.172,1.230
-1.055,0.789,0.199
-0.666,0.574,0.943
-0.535,0.645,0.811
-0.605,0.154,0.756
-0.641,0.477,0.742
-0.615,0.490,1.070
-0.676,0.408,0.998
-0.666,0.471,0.996
-0.641,0.393,1.080
-0.646,0.318,1.154
-0.695,0.246,1.182
-0.719,0.377,1.264
-0.594,0.363,1.365
-0.559,0.152,1.328
-0.715,0.086,1.258
-0.752,0.223,1.273
-0.738,0.254,1.305
-0.799,0.186,1.275
-0.826,0.154,1.225
-0.725,0.199,1.182
-0.611,0.174,1.129
-0.553,0.160,1.055
-0.479,0.131,0.988
-0.418,0.029,0.949
-0.346,0.102,0.852
-0.275,0.080,0.748
-0.180,0.057,0.660
-0.168,0.025,0.602
-0.156,-0.037,0.529
-0.168,0.000,0.533
-0.098,0.033,0.529
-0.070,0.070,0.592
-0.109,0.078,0.559
-0.135,0.043,0.588
-0.207,0.133,0.631
-0.242,-0.143,0.766
-0.125,0.102,0.594
-0.244,0.322,0.912
-0.467,0.070,1.135
-0.646,0.117,1.123
-0.650,0.094,1.107
-0.705,0.334,1.350
-0.670,0.326,1.207
-0.713,0.336,1.279
-0.711,0.381,1.266
-0.662,0.408,1.262
-0.582,0.438,1.260
-0.600,0.457,1.225
-0.600,0.461,1.189
-0.584,0.469,1.145
-0.574,0.443,1.055
-0.559,0.438,0.982
-0.580,0.418,0.951
-0.568,0.418,0.934
-0.557,0.475,0.922
-0.602,0.512,0.893
-0.764,0.424,0.869
-0.654,0.525,0.914
-0.709,0.492,0.965
-0.734,0.480,1.000
-0.627,0.463,1.049
-0.604,0.346,1.041
-0.648,0.211,1.098
-0.709,0.250,1.131
-0.650,0.402,1.238
-0.527,0.359,1.244
-0.617,0.207,1.186
-0.787,0.170,1.127
-0.875,0.262,1.197
-0.813,0.264,1.203
-0.826,0.199,1.139
-0.898,0.170,1.129
-0.883,0.221,1.203
-0.748,0.248,1.180
-0.639,0.164,1.090
-0.563,0.207,0.963
-0.512,0.094,0.826
-0.381,0.168,0.764
-0.203,0.238,0.730
-0.143,0.270,0.535
-0.107,0.156,0.520
-0.090,0.074,0.455
-0.104,0.061,0.438
-0.088,0.080,0.447
-0.123,0.109,0.484
-0.131,0.119,0.459
-0.262,-0.033,0.754
-0.273,0.123,0.592
-0.355,0.203,0.664
-0.412,0.314,0.938
-0.451,0.254,0.926
-0.510,0.164,0.949
-0.611,0.131,1.092
-0.711,0.139,1.031
-0.756,0.330,1.184
-0.686,0.465,1.275
-0.645,0.488,1.301
-0.684,0.396,1.246
-0.725,0.291,1.207
-0.754,0.213,1.225
-0.811,0.242,1.197
-0.766,0.344,1.186
-0.648,0.400,1.199
-0.594,0.340,1.139
-0.564,0.305,1.023
-0.604,0.367,0.887
-0.549,0.471,0.914
-0.500,0.510,0.879
-0.539,0.529,0.789
-0.574,0.490,0.766
-0.705,0.543,0.781
-0.633,0.504,0.795
-0.693,0.504,0.799
-0.760,0.529,0.867
-0.758,0.535,0.963
-0.727,0.482,0.949
-0.688,0.436,0.949
-0.695,0.395,1.016
-0.775,0.449,1.121
-0.703,0.484,1.248
-0.664,0.416,1.305
-0.797,0.354,1.322
-0.898,0.381,1.398
-0.828,0.383,1.367
-0.801,0.273,1.359
-0.840,0.203,1.291
-0.834,0.199,1.266
-0.664,0.213,1.285
-0.551,0.230,1.236
-0.439,0.307,1.186
-0.303,0.250,1.006
-0.244,0.115,0.889
-0.096,-0.031,0.721
-0.113,0.125,0.631
-0.037,0.131,0.605
-0.006,0.123,0.525
-0.010,0.064,0.445
-0.059,0.025,0.445
-0.141,0.061,0.475
-0.189,0.117,0.506
-0.184,0.148,0.555
-0.195,0.156,0.600
-0.232,0.113,0.635
-0.236,0.145,0.752
-0.420,0.156,1.104
-0.408,0.240,0.998
-0.217,0.479,1.197
-0.307,0.352,1.176
-0.479,0.299,1.156
-0.734,0.320,1.289
-0.789,0.402,1.377
-0.635,0.588,1.369
-0.617,0.580,1.410
-0.693,0.430,1.320
-0.643,0.324,1.195
-0.563,0.287,1.268
-0.426,0.309,1.320
-0.244,0.383,1.287
-0.252,0.447,1.289
-0.344,0.500,1.223
-0.424,0.510,1.189
-0.451,0.393,1.066
-0.465,0.396,1.006
-0.574,0.492,0.799
-0.619,0.533,0.828
-0.531,0.553,0.820
-0.551,0.561,0.838
-0.578,0.598,0.879
-0.627,0.500,0.869
-0.619,0.428,0.813
-0.643,0.416,0.799
-0.637,0.420,0.926
-0.703,0.494,1.086
-0.598,0.750,1.150
-0.543,0.479,1.238
-0.693,0.348,1.205
-0.838,0.461,1.293
-0.828,0.582,1.445
-0.836,0.529,1.420
-0.914,0.346,1.406
-0.953,0.066,1.373
-0.844,0.121,1.436
-0.678,0.242,1.361
-0.637,0.213,1.232
-0.607,0.193,1.082
-0.514,0.146,0.959
-0.379,0.143,0.926
-0.264,0.195,0.850
-0.219,0.180,0.734
-0.207,0.117,0.656
-0.213,0.080,0.574
-0.090,-0.086,0.484
-0.146,0.189,0.477
-0.080,0.178,0.482
-0.070,0.166,0.453
-0.100,0.121,0.465
-0.125,0.162,0.494
-0.205,0.227,0.553
-0.271,0.248,0.592
-0.340,0.207,0.627
-0.400,0.197,0.717
-0.445,0.230,0.830
-0.502,0.297,0.990
-0.518,0.312,1.020
-0.598,0.307,1.107
-0.670,0.309,1.141
-0.666,0.287,1.148
-0.711,0.307,1.170
-0.791,0.309,1.180
-0.826,0.320,1.166
-0.824,0.340,1.266
-0.811,0.389,1.266
-0.740,0.379,1.264
-0.693,0.383,1.229
-0.648,0.367,1.227
-0.625,0.395,1.182
-0.588,0.367,1.137
-0.621,0.387,1.021
-0.631,0.398,0.955
-0.549,0.379,0.844
-0.559,0.439,0.781
-0.561,0.447,0.744
-0.605,0.537,0.809
-0.668,0.602,0.803
-0.686,0.600,0.813
-0.717,0.588,0.822
-0.740,0.555,0.824
-0.721,0.502,0.867
-0.717,0.494,0.963
-0.738,0.473,1.061
-0.766,0.494,1.184
-0.773,0.461,1.223
-0.824,0.490,1.266
-0.809,0.629,1.465
-0.717,0.449,1.443
-0.832,0.238,1.371
-1.002,0.158,1.389
-0.922,0.254,1.375
-0.785,0.117,1.328
-0.768,0.088,1.146
-0.705,0.170,1.105
-0.496,0.203,1.035
-0.385,0.170,0.936
-0.297,0.201,0.887
-0.268,0.131,0.633
-0.299,0.139,0.627
-0.227,0.191,0.600
-0.209,0.186,0.410
-0.066,0.111,0.469
-0.109,0.051,0.334
-0.104,0.100,0.428
-0.187,0.186,0.461
-0.225,0.211,0.479
-0.270,0.215,0.521
-0.346,0.156,0.574
-0.389,0.131,0.629
-0.438,0.213,0.717
-0.475,0.344,0.912
-0.492,0.352,1.002
-0.549,0.248,1.008
-0.643,0.186,1.031
-0.756,0.145,1.123
-0.822,0.227,1.203
-0.850,0.381,1.252
-0.855,0.473,1.291
-0.844,0.512,1.242
-0.807,0.512,1.178
-0.746,0.480,1.123
-0.793,0.479,1.113
-0.752,0.572,1.152
-0.689,0.576,1.187
-0.598,0.570,1.129
-0.563,0.533,1.096
-0.496,0.443,1.068
-0.668,0.494,0.885
-0.508,0.260,0.934
-0.471,0.307,0.781
-0.516,0.393,0.898
-0.506,0.479,0.807
-0.490,0.424,0.768
-0.564,0.408,0.891
-0.623,0.400,0.887
-0.648,0.395,0.930
-0.680,0.410,0.980
-0.715,0.350,1.020
-0.813,0.248,1.016
-0.803,0.256,1.055
-0.764,0.389,1.164
-0.691,0.346,1.234
-0.775,0.268,1.236
-0.916,0.303,1.264
-0.887,0.369,1.225
-0.766,0.342,1.285
-0.793,0.328,1.277
-0.756,0.316,1.283
-0.678,0.211,1.221
-0.641,0.182,1.127
-0.686,0.162,1.543
-0.127,0.025,1.168
-0.605,-0.334,0.896
-0.076,-0.492,0.355
-0.379,-0.098,-0.092
-0.715,3.799,3.051
-0.895,0.096,0.521
0.195,-0.031,0.320
0.479,-0.873,2.994
-0.699,-0.311,-0.053
-0.254,0.035,0.088
-0.025,-0.262,0.639
-0.412,0.230,0.498
-0.160,0.123,0.502
-0.338,0.225,0.549
-0.336,0.342,0.553
-0.406,0.352,0.676
-0.389,0.250,0.717
-0.395,0.045,0.629
-0.506,-0.018,0.686
-0.451,0.012,0.857
-0.977,0.404,1.074
-0.482,0.477,1.162
-0.443,0.312,1.139
-0.574,0.207,1.123
-0.648,0.221,1.121
-0.678,0.215,1.219
-0.727,0.273,1.297
-0.818,0.311,1.336
-0.748,0.344,1.361
-0.707,0.320,1.299
-0.695,0.311,1.203
-0.680,0.314,1.189
-0.652,0.377,1.221
-0.588,0.400,1.141
-0.600,0.416,1.064
-0.574,0.404,0.932
-0.547,0.453,0.906
-0.572,0.496,0.891
-0.551,0.471,0.889
-0.619,0.521,0.773
-0.654,0.514,0.758
-0.707,0.525,0.846
-0.689,0.564,0.910
-0.693,0.559,0.975
-0.684,0.457,0.955
-0.695,0.348,1.004
-0.729,0.289,1.041
-0.758,0.271,1.125
-0.770,0.289,1.215
-0.852,0.402,1.303
-0.707,0.445,1.447
-0.635,0.297,1.437
-0.721,0.248,1.330
-0.846,0.314,1.365
-0.713,0.275,1.377
-0.689,0.180,1.279
-0.676,0.197,1.219
-0.637,0.180,1.209
-0.504,0.186,1.139
-0.459,0.074,1.021
-0.436,0.037,0.893
-0.318,0.057,0.814
-0.160,0.068,0.721
-0.168,0.123,0.631
-0.143,0.121,0.604
-0.146,0.119,0.539
-0.129,0.113,0.404
-0.131,0.098,0.480
-0.168,0.105,0.479
-0.203,0.141,0.510
-0.227,0.186,0.553
-0.289,0.213,0.592
-0.328,0.170,0.643
-0.393,0.125,0.709
-0.518,0.166,0.773
-0.609,0.369,0.924
-0.555,0.469,1.072
-0.547,0.389,1.072
-0.611,0.221,1.047
-0.723,0.066,1.029
-0.777,0.125,1.137
-0.807,0.211,1.176
-0.785,0.299,1.238
-0.785,0.373,1.281
-0.779,0.410,1.254
-0.764,0.424,1.275
-0.656,0.402,1.234
-0.635,0.359,1.180
-0.568,0.293,1.072
-0.566,0.307,1.004
-0.580,0.379,1.008
-0.539,0.398,0.961
-0.514,0.385,0.900
-0.508,0.391,0.873
-0.547,0.414,0.836
-0.537,0.420,0.754
-0.602,0.422,0.762
-0.652,0.436,0.797
-0.666,0.492,0.822
-0.684,0.490,0.854
-0.725,0.484,0.891
-0.740,0.379,0.896
-0.754,0.305,0.938
-0.813,0.338,1.029
-0.875,0.480,1.195
-0.770,0.436,1.281
-0.725,0.334,1.256
-0.836,0.189,1.254
-0.906,0.246,1.303
-0.805,0.424,1.383
-0.672,0.357,1.424
-0.549,0.111,1.369
-0.836,0.131,1.162
-0.752,0.268,1.379
-0.277,0.182,1.311
-0.109,0.201,1.125
-0.195,0.193,0.961
-0.209,0.121,0.893
-0.166,0.141,0.863
-0.178,0.193,0.764
-0.139,0.160,0.719
-0.113,0.189,0.668
-0.113,0.115,0.609
-0.117,0.072,0.555
-0.131,0.043,0.537
-0.158,0.053,0.555
-0.195,-0.004,0.477
-0.195,0.127,0.664
-0.232,0.139,0.664
-0.271,0.088,0.699
-0.324,0.063,0.771
-0.373,0.072,0.814
-0.391,0.160,0.916
-0.363,0.285,1.041
-0.375,0.266,1.090
-0.488,0.172,1.172
-0.645,0.113,1.172
-0.828,0.041,1.213
-0.889,0.104,1.281
-0.838,0.162,1.332
-0.715,0.160,1.361
-0.654,0.174,1.383
-0.664,0.092,1.434
-1.086,-0.084,1.434
-0.559,0.498,1.332
-0.570,0.357,1.227
-0.346,0.504,1.156
-2.148,-0.023,1.920
-0.283,-0.148,1.502
-0.572,-0.445,0.646
-0.424,0.232,0.893
-0.584,-0.018,0.617
-0.680,0.373,0.635
-1.221,0.115,0.875
-0.693,0.246,0.777
-0.777,0.295,0.701
-0.775,0.201,0.801
-0.793,0.318,0.807
-0.779,0.279,0.898
-0.777,0.236,0.957
-0.891,0.340,1.047
-0.895,0.461,1.141
-0.854,0.365,1.229
-0.908,0.305,1.277
-0.922,0.371,1.369
-0.795,0.363,1.398
-0.760,0.221,1.354
-0.803,0.197,1.303
-0.719,0.193,1.242
-0.541,0.191,1.219
-0.473,0.215,1.148
-0.480,0.174,1.025
-0.455,0.096,0.918
-0.365,0.020,0.842
-0.275,0.047,0.797
-0.219,0.170,0.770
-0.238,0.203,0.750
-0.205,0.162,0.701
-0.201,0.059,0.623
-0.254,0.012,0.547
-0.271,0.061,0.539
-0.240,0.203,0.588
-0.187,0.225,0.607
-0.217,0.172,0.604
-0.271,0.131,0.619
-0.307,0.152,0.521
-0.398,0.004,0.752
-0.371,0.012,0.758
-0.572,0.227,0.852
-0.445,0.143,0.975
-0.521,0.184,1.086
-0.510,0.344,1.191
-0.492,0.379,1.244
-0.559,0.260,1.217
-0.697,0.199,1.217
-0.689,0.145,1.258
-0.631,0.186,1.266
-0.729,0.244,1.271
-0.678,0.340,1.441
-0.779,0.311,1.336
-0.693,0.334,1.273
-0.607,0.400,1.131
-0.605,0.174,0.910
-0.295,0.049,1.113
-0.607,0.424,0.930
-0.486,0.223,0.971
-0.381,0.105,0.525
-0.557,-0.260,0.000
-0.627,0.537,0.693
-0.783,0.377,0.510
-0.703,0.254,0.820
-0.727,0.404,0.811
-0.697,0.477,0.887
-0.662,0.434,0.857
-0.723,0.389,0.895
-0.779,0.375,0.986
-0.764,0.354,1.115
-0.828,0.334,1.139
-0.840,0.369,1.242
-0.846,0.445,1.312
-0.762,0.393,1.400
-0.732,0.332,1.410
-0.715,0.295,1.365
-0.684,0.242,1.330
-0.646,0.199,1.266
-0.576,0.207,1.197
-0.479,0.225,1.154
-0.406,0.158,1.055
-0.438,0.094,0.959
-0.391,0.102,0.900
-0.338,0.080,0.799
-0.277,0.115,0.775
-0.242,0.096,0.746
-0.240,0.105,0.654
-0.213,0.086,0.619
-0.172,0.066,0.609
-0.154,0.127,0.596
-0.141,0.166,0.604
-0.395,0.557,0.609
0.068,0.121,0.768
-0.379,-0.006,0.736
-0.307,0.059,0.557
-0.314,0.008,0.611
-0.275,0.102,1.043
-0.346,0.221,0.871
-0.092,-0.135,0.670
-0.246,-0.020,1.232
-0.582,-0.195,0.885
-0.611,0.088,1.338
-0.572,0.326,1.285
-0.584,0.367,1.223
-0.631,0.350,1.221
-0.648,0.342,1.211
-0.637,0.363,1.281
-0.635,0.361,1.262
-0.553,0.320,1.223
-0.549,0.348,1.221
-0.500,0.426,1.199
-0.488,0.473,1.178
-0.436,0.406,1.117
-0.467,0.363,1.016
-0.459,0.379,0.977
-0.422,0.404,0.932
-0.373,0.416,0.951
-0.451,0.527,0.822
-0.488,0.531,0.820
-0.535,0.451,0.852
-0.570,0.418,0.863
-0.574,0.434,0.875
-0.574,0.480,0.881
-0.604,0.488,0.918
-0.650,0.455,1.051
-0.680,0.479,1.102
-0.656,0.508,1.150
-0.529,0.441,1.150
-0.557,0.295,1.191
-0.762,0.355,1.168
-0.641,0.453,1.303
-0.566,0.418,1.299
-0.643,0.264,1.232
-0.750,0.330,1.234
-0.658,0.363,1.248
-0.543,0.301,1.207
-0.521,0.266,1.117
-0.441,0.268,1.053
-0.320,0.311,1.037
-0.314,0.271,0.965
-0.303,0.246,0.889
-0.283,0.236,0.779
-0.328,0.227,0.783
-0.230,0.197,0.680
-0.180,0.238,0.615
-0.168,0.199,0.619
-0.213,0.176,0.541
-0.225,0.123,0.533
-0.232,0.143,0.543
-0.229,0.229,0.586
-0.225,0.244,0.615
-0.252,0.205,0.648
-0.328,0.150,0.715
-0.453,0.102,0.730
-0.545,0.137,0.857
-0.477,0.240,1.045
-0.457,0.297,1.043
-0.510,0.217,1.047
-0.576,0.180,1.053
-0.588,0.227,1.105
-0.559,0.355,1.182
-0.586,0.445,1.225
-0.656,0.482,1.221
-0.658,0.553,1.221
-0.652,0.596,1.281
-0.656,0.596,1.252
-0.697,0.539,1.174
-0.760,0.473,1.098
0.781,-1.246,2.830
-0.453,-3.684,3.576
-0.635,0.518,1.197
-0.537,0.529,0.816
-0.047,-0.014,0.398
-0.836,0.904,0.242
-0.275,0.078,2.156
-0.457,0.129,0.832
-0.506,0.598,0.902
-0.605,0.338,1.141
-0.639,0.424,0.953
-0.594,0.412,0.920
-0.576,0.525,0.893
-0.596,0.441,0.957
-0.652,0.391,1.074
-0.627,0.561,1.158
-0.563,0.576,1.232
-0.566,0.414,1.229
-0.674,0.326,1.264
-0.813,0.422,1.381
-0.656,0.490,1.428
-0.641,0.342,1.350
-0.713,0.293,1.223
-0.703,0.279,1.180
-0.586,0.291,1.172
-0.516,0.209,1.100
-0.469,0.178,1.006
-0.414,0.207,0.932
-0.309,0.230,0.908
-0.264,0.178,0.816
-0.250,0.139,0.773
-0.268,0.219,0.672
-0.045,-0.031,0.496
-0.193,0.197,0.615
-0.170,0.180,0.605
-0.164,0.139,0.559
-0.352,0.330,0.334
-0.420,-0.221,0.615
-0.008,-0.229,0.516
-0.295,0.111,0.684
-0.154,-0.014,0.424
-0.516,0.324,0.699
-0.295,0.236,1.035
-0.342,0.465,0.973
-0.559,0.279,0.939
-0.570,0.242,0.918
-0.625,0.418,1.094
-0.586,0.463,1.195
-0.551,0.482,1.191
-0.570,0.449,1.195
-0.609,0.479,1.186
-0.582,0.518,1.178
-0.559,0.441,1.180
-0.584,0.406,1.176
-0.576,0.475,1.141
-0.561,0.545,1.104
-0.547,0.559,1.037
-0.572,0.475,0.979
-0.631,0.400,0.883
-0.654,0.449,0.799
-0.676,0.551,0.816
-0.588,0.693,0.787
-0.646,0.682,0.791
-0.680,0.648,0.801
-0.707,0.648,0.816
-0.721,0.621,0.848
-0.691,0.572,0.891
-0.654,0.537,0.945
-0.666,0.461,0.945
-0.711,0.395,0.961
-0.742,0.355,1.010
-0.717,0.486,1.119
-0.676,0.545,1.203
-0.680,0.438,1.207
-0.756,0.408,1.217
-0.766,0.572,1.295
-0.650,0.662,1.305
-0.611,0.447,1.295
-0.666,0.326,1.213
-0.619,0.355,1.141
-0.504,0.422,1.176
-0.342,0.375,1.162
-0.371,0.369,1.000
-0.389,0.271,0.889
-0.338,0.264,0.805
-0.236,0.291,0.752
-0.127,0.232,0.654
-0.193,0.182,0.570
-0.193,0.129,0.564
-0.199,0.131,0.545
-0.182,0.223,0.563
-0.117,0.232,0.566
-0.162,0.176,0.559
-0.203,0.189,0.561
-0.238,0.322,0.609
-0.256,0.361,0.680
-0.197,0.307,0.752
-0.270,0.305,0.797
-0.393,0.283,0.818
-0.486,0.346,0.891
-0.418,0.447,0.959
-0.445,0.420,1.018
-0.580,0.363,1.070
-0.652,0.365,1.078
-0.709,0.449,1.156
-0.697,0.535,1.111
-0.691,0.545,1.117
-0.750,0.566,1.119
-0.848,0.645,1.131
-0.830,0.688,1.049
-0.805,0.646,0.975
-0.742,0.578,0.936
-0.756,0.555,0.904
-0.754,0.588,0.850
-0.730,0.615,0.789
-0.699,0.650,0.736
-0.691,0.619,0.695
-0.695,0.580,0.686
-0.693,0.570,0.682
-0.701,0.605,0.691
-0.732,0.639,0.732
-0.758,0.605,0.768
-0.740,0.498,0.785
-0.766,0.422,0.828
-0.834,0.436,0.852
-0.791,0.611,0.922
-0.656,0.658,0.994
-0.684,0.547,1.051
-0.838,0.432,1.062
-0.949,0.465,1.086
-0.789,0.600,1.184
-0.623,0.535,1.227
-0.732,0.463,1.166
-0.828,0.430,1.104
-0.754,0.484,1.137
-0.623,0.475,1.139
-0.574,0.502,1.102
-0.520,0.477,1.027
-0.414,0.420,0.939
-0.297,0.330,0.871
-0.230,0.240,0.744
-0.289,0.242,0.676
-0.236,0.238,0.637
-0.137,0.207,0.615
-0.105,0.172,0.539
-0.121,0.088,0.498
-0.135,0.088,0.471
-0.162,0.146,0.502
-0.186,0.209,0.547
-0.225,0.279,0.598
-0.258,0.252,0.660
-0.357,0.143,0.705
-0.535,0.121,0.719
-0.561,0.406,0.852
-0.473,0.533,0.982
-0.482,0.506,1.064
-0.625,0.387,1.076
-0.799,0.307,0.994
-0.746,0.416,1.162
-0.590,0.469,1.139
-0.545,0.406,1.119
-0.689,0.400,1.104
-0.785,0.424,1.088
-0.842,0.447,1.047
-0.900,0.531,1.010
-0.918,0.648,0.982
-0.861,0.734,0.992
-0.768,0.760,0.953
-0.740,0.717,0.914
-0.715,0.701,0.854
-0.654,0.703,0.832
-0.598,0.709,0.805
-0.578,0.688,0.768
-0.633,0.643,0.744
-0.688,0.596,0.725
-0.715,0.549,0.713
-0.713,0.488,0.730
-0.740,0.424,0.779
-0.828,0.441,0.857
-0.818,0.533,0.955
-0.764,0.543,1.018
-0.822,0.430,1.027
-0.914,0.467,1.061
-0.881,0.629,1.172
-0.766,0.625,1.207
-0.826,0.436,1.199
-0.889,0.432,1.174
-0.762,0.533,1.203
-0.625,0.451,1.170
-0.625,0.379,1.076
-0.637,0.396,1.014
-0.543,0.455,1.004
-0.463,0.428,0.951
-0.422,0.385,0.881
-0.348,0.328,0.773
-0.266,0.273,0.723
-0.320,0.309,0.688
-0.234,0.238,0.619
-0.223,0.211,0.600
-0.250,0.174,0.555
-0.227,0.186,0.492
-0.129,0.184,0.488
-0.086,0.162,0.494
-0.135,0.176,0.521
-0.229,0.197,0.557
-0.305,0.252,0.613
-0.334,0.293,0.701
-0.402,0.270,0.766
-0.486,0.197,0.813
-0.631,0.285,0.885
-0.637,0.500,0.982
-0.576,0.496,1.043
-0.607,0.398,1.043
-0.738,0.311,1.076
-0.828,0.270,1.139
-0.797,0.375,1.164
-0.797,0.520,1.176
-0.742,0.500,1.143
-0.740,0.496,1.115
-0.791,0.559,1.139
-0.779,0.635,1.117
-0.703,0.568,1.066
-0.646,0.578,1.031
-0.537,0.627,1.018
-0.590,0.652,1.002
-1.352,0.826,0.887
-1.400,0.568,0.693
-0.357,0.184,0.744
0.164,0.500,0.658
0.137,0.973,0.920
-0.537,0.395,0.891
-0.873,0.543,0.963
-0.863,0.557,0.617
-0.805,0.213,0.734
-0.738,0.404,0.830
-0.824,0.598,0.973
-0.842,0.441,1.045
-0.756,0.420,1.129
-0.693,0.504,1.207
-0.768,0.393,1.266
-0.861,0.291,1.223
-0.857,0.275,1.234
-0.729,0.408,1.250
-0.656,0.201,1.219
-0.580,0.086,1.078
-0.381,0.375,1.043
-0.004,-0.834,1.096
-0.811,0.502,0.957
-0.387,0.209,0.904
-0.201,0.090,0.867
-0.164,0.395,0.818
-0.227,0.377,0.848
-0.240,0.223,0.760
-0.131,0.035,0.771
-0.229,0.055,0.658
-0.340,0.219,0.688
-0.242,0.127,0.664
0.092,0.025,0.662
-0.357,0.113,0.424
0.037,0.176,0.801
-0.471,0.219,0.773
-0.053,-0.158,0.846
-0.490,0.377,0.512
-0.187,0.133,0.918
-0.256,0.051,0.682
-0.537,0.383,0.951
-0.609,0.266,1.061
-0.680,0.275,1.049
-0.707,0.336,1.020
-0.693,0.410,1.104
-0.756,0.477,1.156
-0.684,0.506,1.145
-0.576,0.492,1.143
-0.635,0.480,1.191
-0.695,0.490,1.125
-0.701,0.535,1.059
-0.643,0.600,1.066
-0.576,0.572,1.010
-0.611,0.502,0.924
-0.658,0.521,0.865
-0.619,0.555,0.818
-0.615,0.660,0.779
-0.592,0.666,0.748
-0.648,0.613,0.750
-0.695,0.588,0.752
-0.701,0.590,0.766
-0.691,0.633,0.801
-0.705,0.635,0.869
-0.684,0.561,0.902
-0.707,0.455,0.930
-0.762,0.410,0.984
-0.832,0.469,1.041
-0.783,0.598,1.148
-0.672,0.617,1.246
-0.672,0.465,1.250
-0.766,0.373,1.232
-0.801,0.477,1.281
-0.707,0.533,1.332
-0.639,0.445,1.303
-0.684,0.350,1.199
-0.717,0.324,1.127
-0.596,0.404,1.123
-0.463,0.395,1.096
-0.373,0.289,0.980
-0.357,0.363,0.813
-0.271,0.211,0.773
-0.248,0.186,0.729
-0.240,0.102,0.703
-0.160,0.109,0.609
-0.135,0.115,0.588
-0.154,0.123,0.549
-0.174,0.133,0.535
-0.125,0.125,0.525
-0.129,0.115,0.553
-0.178,0.082,0.596
-0.271,0.102,0.658
-0.365,0.197,0.748
-0.412,0.223,0.818
-0.459,0.207,0.910
-0.576,0.225,0.977
-0.695,0.246,1.062
-0.713,0.312,1.119
-0.699,0.445,1.191
-0.693,0.488,1.219
-0.719,0.531,1.248
-0.695,0.574,1.266
-0.682,0.568,1.232
-0.730,0.520,1.168
-0.721,0.523,1.139
-0.713,0.531,1.121
-0.736,0.549,1.068
-0.719,0.533,0.996
-0.713,0.488,0.951
-0.672,0.498,0.910
-0.609,0.531,0.877
-0.572,0.631,0.875
-0.613,0.686,0.836
-0.623,0.615,0.811
-0.662,0.580,0.816
-0.643,0.541,0.828
-0.678,0.574,0.857
-0.707,0.555,0.850
-0.719,0.475,0.836
-0.730,0.422,0.906
-0.709,0.396,1.000
-0.760,0.424,1.078
-0.768,0.514,1.164
-0.732,0.510,1.234
-0.754,0.410,1.275
-0.885,0.484,1.314
-0.779,0.539,1.387
-0.695,0.391,1.363
-0.742,0.287,1.281
-0.764,0.342,1.246
-0.623,0.432,1.256
-0.469,0.355,1.201
-0.451,0.297,1.076
-0.406,0.260,0.992
-0.359,0.258,0.922
-0.268,0.229,0.836
-0.195,0.191,0.795
-0.113,0.133,0.643
-0.104,0.104,0.586
-0.123,0.068,0.549
-0.123,0.096,0.535
-0.096,0.166,0.547
-0.094,0.145,0.541
-0.139,0.131,0.537
-0.187,0.117,0.584
-0.244,0.090,0.639
-0.340,0.082,0.727
-0.441,0.248,0.840
-0.463,0.514,0.979
-0.357,0.582,1.045
-0.410,0.396,1.041
-0.576,0.291,1.041
-0.748,0.273,1.117
-0.727,0.312,1.176
-0.777,0.365,1.205
-0.834,0.451,1.232
-0.889,0.561,1.256
-0.797,0.586,1.262
-0.711,0.563,1.264
-0.695,0.541,1.248
-0.615,0.486,1.170
-0.568,0.502,1.119
-0.541,0.561,1.066
-0.588,0.693,1.014
-0.600,0.660,0.957
-0.631,0.561,0.873
-0.633,0.520,0.809
-0.615,0.531,0.779
-0.594,0.582,0.766
-0.662,0.609,0.807
-0.719,0.557,0.818
-0.711,0.527,0.838
-0.676,0.502,0.846
-0.670,0.471,0.848
-0.711,0.436,0.926
-0.764,0.459,1.041
-0.770,0.537,1.178
-0.713,0.537,1.236
-0.715,0.451,1.248
-0.830,0.395,1.275
-0.881,0.500,1.375
-0.742,0.547,1.449
-0.688,0.373,1.369
-0.748,0.279,1.277
-0.682,0.389,1.252
-0.541,0.420,1.246
-0.434,0.342,1.164
-0.412,0.303,1.045
-0.379,0.285,0.957
-0.279,0.236,0.869
-0.211,0.160,0.766
-0.229,0.225,0.625
-0.229,0.275,0.623
-0.172,0.207,0.555
-0.145,0.158,0.531
-0.154,0.139,0.469
-0.187,0.174,0.473
-0.211,0.176,0.473
-0.244,0.158,0.488
-0.277,0.184,0.521
-0.322,0.244,0.596
-0.383,0.270,0.658
-0.418,0.252,0.730
-0.490,0.199,0.756
-0.545,0.264,0.822
-0.549,0.389,0.924
-0.547,0.490,1.025
-0.535,0.549,1.064
-0.559,0.539,1.068
-0.654,0.471,1.100
-0.719,0.414,1.137
-0.707,0.416,1.158
-0.713,0.408,1.133
-0.771,0.455,1.137
-0.752,0.520,1.176
-0.693,0.604,1.127
-0.629,0.498,1.111
-0.600,0.438,1.078
-0.561,0.471,1.023
-0.471,0.533,1.023
-0.414,0.543,0.934
-0.525,0.674,0.887
-0.545,0.668,0.938
-0.572,0.668,0.875
-0.604,0.635,0.816
-0.594,0.604,0.801
-0.615,0.625,0.820
-0.615,0.613,0.887
-0.627,0.543,0.900
-0.658,0.467,0.912
-0.682,0.430,0.955
-0.732,0.439,1.023
-0.744,0.498,1.127
-0.725,0.547,1.211
-0.736,0.531,1.258
-0.838,0.525,1.299
-0.836,0.570,1.363
-0.754,0.479,1.357
-0.762,0.416,1.301
-0.715,0.486,1.332
-0.604,0.482,1.295
-0.627,0.342,1.215
-0.639,0.434,1.104
-0.590,0.369,1.107
-0.410,0.359,1.016
-0.332,0.242,0.914
-0.287,0.148,0.799
-0.232,0.166,0.691
-0.240,0.201,0.648
-0.133,0.092,0.619
-0.154,0.119,0.488
-0.113,0.107,0.479
-0.107,0.076,0.467
-0.115,0.043,0.449
-0.152,0.076,0.494
-0.197,0.123,0.568
-0.260,0.143,0.625
-0.338,0.160,0.662
-0.387,0.150,0.721
-0.430,0.117,0.789
-0.484,0.168,0.887
-0.539,0.248,1.012
-0.547,0.309,1.113
-0.629,0.281,1.154
-0.707,0.238,1.236
-0.762,0.225,1.350
-0.721,0.219,1.357
-0.703,0.207,1.412
-0.730,0.330,1.449
-0.709,0.529,1.482
-0.660,0.617,1.508
-0.666,0.580,1.416
-0.711,0.521,1.340
-0.670,0.523,1.277
-0.607,0.574,1.174
-0.574,0.674,1.119
-0.576,0.643,1.033
-0.633,0.535,0.922
-0.613,0.426,0.854
-0.553,0.412,0.807
-0.516,0.492,0.779
-0.645,0.551,0.775
-0.711,0.600,0.809
-0.721,0.580,0.855
-0.699,0.498,0.893
-0.695,0.420,0.938
-0.781,0.367,1.004
-0.861,0.314,1.146
-0.945,0.377,1.236
-0.896,0.459,1.367
-0.863,0.426,1.449
-0.990,0.420,1.463
-1.053,0.467,1.559
-0.838,0.406,1.619
-0.609,0.244,1.592
-0.703,0.254,1.529
-0.613,0.270,1.473
-0.461,0.186,1.324
-0.385,0.156,1.205
-0.254,0.096,1.066
-0.197,0.084,0.934
-0.182,0.078,0.801
-0.123,0.088,0.750
-0.084,0.152,0.652
-0.072,0.145,0.588
-0.014,0.129,0.551
-0.080,0.098,0.504
-0.113,0.115,0.504
-0.154,0.156,0.525
-0.168,0.150,0.543
-0.197,0.164,0.576
-0.223,0.152,0.625
-0.299,0.105,0.695
-0.402,0.113,0.773
-0.508,0.191,0.867
-0.498,0.254,0.955
-0.512,0.268,1.043
-0.594,0.199,1.080
-0.656,0.191,1.084
-0.738,0.205,1.189
-0.775,0.324,1.305
-0.773,0.430,1.346
-0.773,0.467,1.371
-0.777,0.447,1.326
-0.734,0.426,1.305
-0.695,0.391,1.285
-0.686,0.334,1.252
-0.701,0.404,1.213
-0.678,0.609,1.162
-0.598,0.596,1.131
-0.564,0.496,1.031
-0.588,0.459,0.949
-0.578,0.465,0.934
-0.568,0.453,0.879
-0.613,0.492,0.830
-0.674,0.652,0.797
-0.676,0.529,0.877
-0.701,0.506,0.871
-0.723,0.480,0.879
-0.686,0.479,0.896
-0.652,0.412,0.918
-0.664,0.318,0.961
-0.717,0.262,1.070
-0.803,0.305,1.168
-0.799,0.430,1.264
-0.779,0.402,1.340
-0.857,0.328,1.352
-1.006,0.322,1.408
-0.961,0.430,1.443
-0.820,0.443,1.439
-0.805,0.326,1.410
-0.736,0.328,1.426
-0.615,0.334,1.377
-0.477,0.213,1.252
-0.438,0.121,1.104
-0.383,0.063,0.980
-0.277,0.082,0.873
-0.193,0.066,0.758
-0.174,0.074,0.691
-0.189,0.156,0.543
-0.096,0.137,0.605
-0.111,0.154,0.531
-0.072,0.123,0.488
-0.092,0.117,0.482
-0.115,0.133,0.529
-0.146,0.119,0.561
-0.221,0.090,0.605
-0.301,0.018,0.635
-0.412,0.041,0.693
-0.467,0.209,0.865
-0.428,0.301,0.947
-0.459,0.203,0.943
-0.576,0.092,0.990
-0.768,0.158,1.104
-0.838,0.275,1.254
-0.807,0.342,1.215
-0.775,0.264,1.197
-0.848,0.268,1.203
-0.906,0.336,1.250
-0.889,0.461,1.252
-0.863,0.436,1.225
-0.883,0.383,1.205
-0.838,0.408,1.154
-0.816,0.434,1.107
-0.779,0.453,1.062
-0.719,0.455,1.002
-0.617,0.422,0.943
-0.627,0.365,0.852
-0.762,0.330,0.807
-0.762,0.361,0.797
-0.775,0.406,0.809
-0.838,0.443,0.801
-0.846,0.420,0.785
-0.838,0.289,0.805
-0.848,0.217,0.898
-0.879,0.215,1.010
-0.947,0.234,1.121
-1.025,0.232,1.195
-1.064,0.207,1.277
-0.947,0.100,1.363
-0.875,0.078,1.387
-0.924,0.139,1.459
-0.910,0.174,1.514
-0.885,0.109,1.496
-0.848,0.059,1.418
-0.701,0.020,1.346
-0.545,0.004,1.270
-0.449,0.059,1.203
-0.373,0.090,1.057
-0.342,0.078,0.938
-0.262,0.000,0.854
-0.230,-0.014,0.719
-0.209,0.063,0.680
-0.129,0.125,0.561
-0.137,0.082,0.596
-0.145,0.035,0.533
-0.178,-0.025,0.494
-0.191,0.025,0.504
-0.201,0.070,0.541
-0.238,0.117,0.561
-0.318,0.145,0.615
-0.361,0.068,0.676
-0.426,0.066,0.734
-0.502,0.211,0.818
-0.531,0.209,0.875
-0.570,0.141,0.922
-0.688,0.045,0.986
-0.773,0.035,1.025
-0.871,0.186,1.115
-0.865,0.266,1.174
-0.893,0.270,1.225
-0.840,0.291,1.217
-0.820,0.314,1.246
-0.742,0.350,1.266
-0.674,0.350,1.254
-0.658,0.281,1.229
-0.713,0.238,1.168
-0.764,0.264,1.105
-0.727,0.334,1.104
-0.676,0.402,1.082
-0.645,0.330,0.963
-0.650,0.322,0.910
-0.697,0.326,0.818
-0.771,0.428,0.779
-0.793,0.496,0.766
-0.785,0.457,0.758
-0.822,0.426,0.764
-0.834,0.410,0.799
-0.824,0.424,0.832
-0.873,0.371,0.881
-0.859,0.299,0.938
-0.852,0.217,1.002
-0.891,0.207,1.031
-0.936,0.244,1.125
-0.926,0.279,1.252
-1.094,0.379,1.326
-1.068,0.533,1.445
-0.852,0.443,1.533
-0.795,0.365,1.496
-0.717,0.385,1.479
-0.563,0.307,1.432
-0.482,0.158,1.320
-0.461,0.143,1.232
-0.381,0.158,1.129
-0.279,0.047,0.980
-0.195,-0.023,0.838
-0.152,-0.008,0.756
-0.119,0.021,0.682
-0.277,0.086,0.621
-0.172,0.027,0.600
-0.139,0.104,0.537
-0.135,0.113,0.531
-0.133,0.121,0.512
-0.180,0.074,0.545
-0.168,0.055,0.564
-0.191,0.053,0.621
-0.236,0.078,0.635
-0.281,0.082,0.707
-0.363,0.092,0.811
-0.387,0.143,0.971
-0.508,0.303,1.057
-0.615,0.324,1.146
-0.646,0.182,1.158
-0.727,0.100,1.172
-0.805,0.123,1.197
-0.852,0.193,1.295
-0.834,0.297,1.328
-0.748,0.312,1.328
-0.727,0.287,1.307
-0.666,0.260,1.312
-0.553,0.275,1.270
-0.525,0.281,1.232
-0.465,0.271,1.242
-0.494,0.311,1.248
-0.541,0.367,1.180
-0.555,0.355,1.113
-0.635,0.357,1.047
-0.635,0.348,0.979
-0.598,0.385,0.938
-0.594,0.441,0.898
-0.617,0.482,0.852
-0.576,0.455,0.912
-0.652,0.395,0.902
-0.695,0.354,0.887
-0.695,0.342,0.871
-0.697,0.369,0.910
-0.746,0.369,1.076
-0.771,0.268,1.152
-0.807,0.242,1.148
-0.816,0.295,1.168
-0.775,0.295,1.258
-0.775,0.242,1.348
-0.766,0.182,1.418
-0.756,0.227,1.443
-0.719,0.365,1.477
-0.658,0.402,1.492
-0.648,0.311,1.451
-0.625,0.211,1.375
-0.553,0.166,1.303
-0.490,0.152,1.223
-0.438,0.107,1.109
-0.357,0.029,1.002
-0.299,-0.004,0.875
-0.232,0.008,0.795
-0.184,0.021,0.727
-0.094,0.012,0.676
-0.041,0.047,0.650
-0.125,0.121,0.592
-0.123,-0.133,0.535
-0.148,0.027,0.516
-0.154,0.004,0.516
-0.166,0.027,0.551
-0.186,0.123,0.621
-0.213,0.176,0.719
-0.256,0.131,0.777
-0.375,0.078,0.861
-0.510,0.311,1.008
-0.529,0.516,1.127
-0.492,0.344,1.111
-0.461,0.182,1.006
-0.795,-0.025,1.059
-0.850,0.047,1.150
-0.867,0.209,1.256
-0.818,0.279,1.258
-0.830,0.203,1.314
-0.818,0.189,1.309
-0.748,0.268,1.338
-0.736,0.400,1.365
-0.709,0.434,1.348
-0.680,0.514,1.266
-0.645,0.520,1.131
-0.641,0.504,1.047
-0.652,0.461,0.990
-0.643,0.346,0.906
-0.621,0.297,0.832
-0.689,0.416,0.807
-0.750,0.527,0.768
-0.691,0.600,0.869
-0.617,0.570,0.914
-0.676,0.496,0.893
-0.725,0.410,0.877
-0.768,0.363,0.900
-0.766,0.400,1.016
-0.756,0.410,1.199
-0.789,0.363,1.309
-0.838,0.277,1.344
-0.871,0.258,1.352
-0.818,0.240,1.430
-0.838,0.246,1.535
-0.854,0.396,1.605
-0.723,0.404,1.596
-0.611,0.221,1.500
-0.701,0.170,1.414
-0.680,0.264,1.420
-0.555,0.297,1.363
-0.445,0.131,1.225
-0.410,0.055,1.051
-0.279,-0.021,0.873
-0.252,-0.057,0.771
-0.176,-0.010,0.719
-0.133,0.068,0.701
-0.043,0.117,0.592
-0.008,0.090,0.492
-0.033,0.037,0.430
-0.055,0.014,0.420
-0.086,0.023,0.451
-0.115,0.037,0.500
-0.189,0.088,0.572
-0.248,0.076,0.621
-0.342,-0.012,0.686
-0.418,-0.064,0.760
-0.574,0.029,0.875
-0.680,0.221,1.014
-0.650,0.275,1.117
-0.807,0.236,1.117
-0.924,0.189,1.137
-1.004,0.332,1.232
-0.846,0.467,1.287
-0.803,0.408,1.295
-0.852,0.260,1.252
-0.912,0.168,1.186
-0.943,0.221,1.221
-0.895,0.156,1.277
-0.898,0.121,1.195
-0.920,0.172,1.070
-0.811,0.273,1.033
-0.682,0.369,1.025
-0.646,0.367,0.893
-0.709,0.393,0.770
-0.967,0.486,0.758
-0.818,0.527,0.631
-0.797,0.551,0.746
-0.873,0.467,0.727
-0.951,0.436,0.730
-0.957,0.412,0.738
-0.943,0.398,0.799
-0.936,0.395,0.910
-0.900,0.324,1.041
-0.904,0.258,1.162
-0.934,0.199,1.211
-1.004,0.182,1.242
-1.049,0.199,1.289
-1.033,0.189,1.352
-0.998,0.191,1.383
-0.971,0.215,1.379
-0.893,0.158,1.377
-0.848,0.129,1.385
-0.781,0.230,1.396
-0.525,0.246,1.352
-0.406,0.139,1.242
-0.428,0.074,1.074
-0.479,0.137,0.963
-0.273,0.201,0.924
-0.127,0.141,0.832
-0.207,-0.002,0.689
-0.260,-0.025,0.613
-0.215,-0.094,0.580
-0.008,0.047,0.402
-0.070,0.078,0.512
-0.018,-0.002,0.508
-0.123,0.016,0.471
-0.137,0.035,0.514
-0.203,0.094,0.572
-0.244,0.119,0.674
-0.307,0.082,0.725
-0.410,0.080,0.795
-0.451,0.129,0.885
-0.480,0.186,1.014
-0.549,0.285,1.115
-0.650,0.264,1.172
-0.732,0.246,1.205
-0.783,0.281,1.262
-0.832,0.344,1.340
-0.832,0.367,1.352
-0.850,0.354,1.338
-0.881,0.326,1.318
-0.877,0.332,1.303
-0.828,0.373,1.246
-0.801,0.365,1.242
-0.809,0.410,1.229
-0.744,0.385,1.172
-0.693,0.438,1.047
-0.744,0.486,0.984
-0.662,0.398,0.920
-0.646,0.383,0.811
-0.664,0.381,0.738
-0.635,0.438,0.701
-0.680,0.326,0.721
-0.711,0.590,0.725
-0.701,0.549,0.770
-0.736,0.531,0.785
-0.736,0.527,0.811
-0.719,0.520,0.875
-0.732,0.555,0.996
-0.777,0.498,1.109
-0.811,0.443,1.201
-0.826,0.381,1.285
-0.877,0.424,1.338
-0.893,0.480,1.428
-0.814,0.365,1.463
-0.842,0.221,1.451
-0.893,0.283,1.475
-0.713,0.383,1.496
-0.543,0.264,1.424
-0.551,0.100,1.275
-0.594,0.084,1.127
-0.523,0.143,1.055
-0.387,0.164,1.008
-0.309,0.092,0.902
-0.324,0.094,0.787
-0.303,0.084,0.744
-0.242,0.125,0.689
-0.174,0.146,0.662
-0.215,0.137,0.568
-0.213,0.090,0.531
-0.182,0.146,0.498
-0.178,0.191,0.506
-0.189,0.154,0.480
-0.189,0.133,0.467
-0.166,0.162,0.512
-0.240,0.186,0.605
-0.369,0.160,0.699
-0.514,0.221,0.738
-0.523,0.412,0.758
-0.465,0.535,0.871
-0.455,0.527,0.951
-0.537,0.361,0.973
-0.650,0.211,0.973
-0.750,0.187,0.988
-0.803,0.260,1.111
-0.773,0.350,1.223
-0.809,0.416,1.299
-0.730,0.414,1.221
-0.697,0.361,1.217
-0.648,0.332,1.213
-0.707,0.322,1.230
-0.705,0.328,1.201
-0.719,0.438,1.187
-0.666,0.445,1.102
-0.654,0.385,1.055
-0.646,0.361,0.998
-0.600,0.314,0.920
-0.584,0.283,0.850
-0.713,0.406,0.764
-0.680,0.406,0.766
-0.752,0.443,0.732
-0.750,0.488,0.730
-0.764,0.539,0.738
-0.768,0.545,0.775
-0.754,0.510,0.803
-0.730,0.463,0.844
-0.756,0.381,0.893
-0.814,0.346,0.969
-0.826,0.332,1.059
-0.836,0.324,1.135
-0.893,0.414,1.223
-0.814,0.461,1.311
-0.777,0.359,1.365
-0.879,0.303,1.371
-0.867,0.416,1.441
-0.777,0.473,1.490
-0.619,0.338,1.455
-0.643,0.266,1.377
-0.596,0.232,1.301
-0.494,0.184,1.227
-0.418,0.146,1.107
-0.383,0.107,1.000
-0.334,0.059,0.918
-0.283,0.070,0.820
-0.225,0.094,0.758
-0.150,0.117,0.697
-0.098,0.107,0.650
-0.152,0.051,0.611
-0.146,0.055,0.537
-0.164,-0.010,0.496
-0.162,0.010,0.496
-0.145,0.076,0.535
-0.187,0.170,0.633
-0.219,0.162,0.680
-0.270,0.107,0.748
-0.354,0.057,0.779
-0.473,0.199,0.859
-0.459,0.355,0.967
-0.467,0.322,1.047
-0.529,0.252,1.104
-0.619,0.207,1.158
-0.707,0.240,1.178
-0.736,0.256,1.270
-0.799,0.334,1.305
-0.842,0.387,1.361
-0.828,0.377,1.326
-0.766,0.273,1.281
-0.832,0.252,1.309
-0.746,0.330,1.232
-0.693,0.422,1.240
-0.607,0.279,1.166
-0.600,0.254,1.066
-0.725,0.383,0.980
-0.719,0.494,0.900
-0.760,0.611,0.787
-0.705,0.648,0.797
-0.619,0.637,0.744
-0.656,0.602,0.730
-0.734,0.531,0.723
-0.795,0.498,0.752
-0.762,0.496,0.779
-0.719,0.490,0.830
-0.760,0.477,0.910
-0.818,0.445,1.010
-0.875,0.484,1.164
-0.857,0.598,1.322
-0.785,0.557,1.418
-0.848,0.404,1.408
-0.895,0.334,1.459
-0.822,0.451,1.562
-0.715,0.354,1.596
-0.670,0.281,1.541
-0.629,0.281,1.455
-0.553,0.172,1.354
-0.570,0.074,1.246
-0.578,0.098,1.152
-0.480,0.113,1.064
-0.314,0.092,0.955
-0.240,0.033,0.832
-0.236,0.045,0.744
-0.184,0.096,0.674
-0.127,0.135,0.637
-0.051,0.154,0.572
-0.109,0.119,0.510
-0.105,0.057,0.471
-0.104,0.098,0.471
-0.105,0.205,0.520
-0.139,0.238,0.563
-0.221,0.197,0.586
-0.279,0.172,0.637
-0.383,0.154,0.654
-0.479,0.256,0.756
-0.506,0.377,0.896
-0.529,0.402,0.979
-0.602,0.256,1.008
-0.676,0.303,1.062
-0.461,0.580,1.195
-0.264,0.539,1.252
-0.523,0.260,1.295
-0.857,0.074,1.314
-1.016,0.047,1.191
-0.889,0.166,1.229
-0.838,0.389,1.322
-0.898,0.414,1.352
-0.719,0.203,1.273
-0.512,0.182,1.248
-0.252,0.342,1.254
-0.193,0.455,1.250
-0.387,0.459,1.207
-0.516,0.383,1.068
-0.680,0.287,0.965
-0.662,0.266,0.910
-0.586,0.326,0.891
-0.541,0.430,0.889
-0.596,0.369,0.830
-0.678,0.311,0.758
-0.662,0.314,0.746
-0.611,0.381,0.801
-0.627,0.479,0.836
-0.713,0.467,0.871
-0.744,0.395,0.891
-0.727,0.352,0.967
-0.742,0.355,1.100
-0.811,0.391,1.187
-0.863,0.438,1.281
-0.773,0.457,1.381
-0.664,0.406,1.418
-0.754,0.328,1.436
-0.768,0.385,1.523
-0.646,0.523,1.518
-0.609,0.342,1.471
-0.660,0.121,1.336
-0.703,0.180,1.258
-0.553,0.223,1.268
-0.387,0.207,1.207
-0.369,0.174,1.047
-0.309,0.223,0.979
-0.285,0.221,0.922
-0.199,0.145,0.824
-0.207,0.102,0.732
-0.232,0.098,0.641
-0.199,0.090,0.607
-0.141,0.100,0.627
-0.084,0.090,0.387
-0.129,0.055,0.484
-0.141,0.051,0.484
-0.127,0.094,0.543
-0.197,0.174,0.598
-0.254,0.182,0.678
-0.293,0.148,0.725
-0.340,0.072,0.748
-0.443,0.076,0.830
-0.553,0.234,0.947
-0.568,0.311,1.078
-0.631,0.346,1.158
-0.688,0.307,1.189
-0.723,0.285,1.209
-0.775,0.318,1.232
-0.850,0.406,1.297
-0.828,0.375,1.381
-0.762,0.396,1.287
-0.770,0.363,1.357
-0.633,0.270,1.314
-0.590,0.295,1.229
-0.625,0.414,1.211
-0.695,0.516,1.205
-0.654,0.438,1.109
-0.662,0.387,0.996
-0.652,0.408,0.934
-0.479,0.398,0.951
-0.691,0.609,0.814
-0.633,0.551,0.729
-0.656,0.521,0.744
-0.699,0.535,0.777
-0.754,0.551,0.793
-0.809,0.549,0.814
-0.795,0.494,0.859
-0.789,0.439,0.922
-0.809,0.410,1.010
-0.822,0.365,1.115
-0.844,0.322,1.191
-0.893,0.367,1.244
-0.838,0.393,1.332
-0.771,0.357,1.412
-0.801,0.305,1.422
-0.816,0.408,1.447
-0.703,0.396,1.459
-0.668,0.299,1.377
-0.699,0.264,1.322
-0.713,0.330,1.273
-0.645,0.326,1.236
-0.545,0.209,1.143
-0.451,0.111,0.996
-0.395,0.063,0.875
-0.371,0.152,0.814
-0.229,0.193,0.758
-0.141,-0.088,0.508
-0.119,0.119,0.594
-0.117,0.129,0.563
-0.148,0.170,0.494
-0.115,0.207,0.488
-0.105,0.187,0.463
-0.197,0.193,0.441
-0.219,0.236,0.463
-0.221,0.270,0.506
-0.281,0.324,0.590
-0.367,0.270,0.654
-0.439,0.184,0.633
-0.486,0.174,0.707
-0.514,0.219,0.820
-0.484,0.225,0.914
-0.539,0.107,1.004
-0.676,0.092,1.068
-0.836,0.154,1.166
-0.896,0.336,1.227
-0.779,0.355,1.240
-0.762,0.357,1.260
-0.822,0.426,1.307
-0.881,0.441,1.400
-0.732,-0.117,1.801
-0.662,0.547,1.258
-0.752,0.361,1.236
-0.633,0.189,1.271
-0.748,0.217,1.207
-0.754,0.182,1.068
-0.705,0.205,0.932
-0.674,0.271,0.912
-0.566,0.346,0.891
-0.480,0.346,0.732
-0.693,0.375,0.768
-0.734,0.383,0.689
-0.799,0.414,0.703
-0.834,0.490,0.785
-0.816,0.535,0.846
-0.826,0.484,0.857
-0.828,0.424,0.896
-0.840,0.367,0.967
-0.873,0.344,1.066
-0.930,0.428,1.221
-0.844,0.527,1.402
-0.859,0.391,1.445
-0.902,0.264,1.441
-0.979,0.252,1.447
-0.945,0.293,1.492
-0.775,0.291,1.484
-0.791,0.291,1.441
-0.725,0.285,1.422
-0.650,0.129,1.311
-0.545,-0.039,1.168
-0.402,0.000,1.092
-0.338,0.145,1.029
-0.311,0.201,0.947
-0.260,0.139,0.811
-0.205,0.063,0.697
-0.316,0.023,0.730
-0.092,0.225,0.672
-0.086,0.219,0.596
-0.137,0.178,0.549
-0.131,0.119,0.439
-0.125,0.123,0.469
-0.107,0.209,0.520
-0.131,0.240,0.545
-0.184,0.217,0.566
-0.234,0.154,0.605
-0.328,0.059,0.662
-0.418,0.055,0.727
-0.457,0.209,0.865
-0.424,0.242,1.021
-0.496,0.193,1.076
-0.658,0.164,1.127
-0.725,0.195,1.166
-0.721,0.264,1.234
-0.688,0.326,1.334
-0.729,0.449,1.412
-0.746,0.500,1.447
-0.691,0.504,1.377
-0.576,0.496,1.436
-0.596,0.443,1.350
-0.664,0.453,1.279
-0.688,0.480,1.258
-0.615,0.484,1.189
-0.574,0.445,1.146
-0.576,0.457,1.025
-0.547,0.451,0.955
-0.520,0.438,0.918
-0.484,0.342,0.906
-0.592,0.523,0.771
-0.625,0.525,0.799
-0.635,0.525,0.813
-0.660,0.535,0.814
-0.701,0.527,0.836
-0.729,0.516,0.855
-0.756,0.459,0.910
-0.705,0.430,1.008
-0.672,0.418,1.090
-0.697,0.355,1.164
-0.768,0.451,1.240
-0.701,0.586,1.344
-0.631,0.465,1.398
-0.748,0.301,1.426
-0.861,0.377,1.395
-0.711,0.545,1.473
-0.619,0.430,1.461
-0.674,0.244,1.354
-0.664,0.250,1.299
-0.553,0.291,1.266
-0.387,0.262,1.195
-0.350,0.111,1.051
-0.398,-0.016,0.902
-0.367,0.012,0.801
-0.236,0.162,0.795
-0.150,0.225,0.725
-0.107,0.172,0.625
-0.164,0.115,0.475
-0.141,0.160,0.539
-0.119,0.197,0.525
-0.139,0.197,0.512
-0.197,0.156,0.494
-0.246,0.109,0.504
-0.307,0.152,0.561
-0.340,0.264,0.670
-0.352,0.279,0.756
-0.383,0.174,0.773
-0.457,0.098,0.787
-0.514,0.197,0.887
-0.537,0.305,1.037
-0.574,0.379,1.164
-0.707,0.357,1.172
-0.781,0.324,1.170
-0.746,0.354,1.223
-0.703,0.445,1.309
-0.695,0.521,1.307
-0.670,0.512,1.260
-0.686,0.473,1.197
-0.658,0.363,1.230
-0.691,0.334,1.211
-0.695,0.430,1.182
-0.635,0.621,1.104
-0.555,0.617,1.043
-0.582,0.570,0.951
-0.664,0.537,0.893
-0.666,0.619,0.844
-0.689,0.664,0.836
-0.664,0.652,0.752
-0.686,0.645,0.752
-0.697,0.598,0.799
-0.742,0.523,0.850
-0.738,0.455,0.902
-0.783,0.412,0.949
-0.826,0.422,1.008
-0.771,0.488,1.109
-0.719,0.432,1.195
-0.795,0.354,1.225
-0.824,0.389,1.297
-0.744,0.484,1.373
-0.666,0.441,1.410
-0.693,0.340,1.363
-0.717,0.326,1.328
-0.688,0.336,1.305
-0.666,0.316,1.262
-0.617,0.389,1.199
-0.492,0.363,1.170
-0.289,2.215,1.191
-0.293,-0.047,1.010
-0.086,-0.453,0.705
-0.059,-0.563,0.539
-0.965,-0.434,0.670
-0.885,-0.064,0.799
0.174,0.316,0.064
0.172,0.131,0.578
-0.070,0.639,0.555
-0.057,0.287,0.449
0.010,-0.203,0.850
-0.152,0.262,0.469
-0.184,0.082,0.592
-0.301,0.227,0.563
-0.383,0.295,0.637
-0.465,0.312,0.744
-0.498,0.221,0.805
-0.482,0.115,0.811
-0.537,0.061,0.693
-0.561,0.187,0.992
-0.563,0.443,1.100
-0.465,0.346,1.182
-0.541,0.180,1.187
-0.631,0.127,1.187
-0.697,0.105,1.223
-0.715,0.137,1.367
-0.764,0.201,1.387
-0.682,0.230,1.365
-0.424,0.537,1.187
-0.332,0.439,1.152
-2.078,0.934,1.240
-0.689,0.412,1.223
-0.473,0.455,1.223
-0.367,0.490,1.219
-0.430,0.520,1.166
-0.576,0.496,1.049
-0.678,0.414,0.920
-0.656,0.350,0.859
-0.637,0.346,0.813
-0.613,0.318,0.789
-0.650,0.295,0.752
-0.721,0.277,0.709
-0.771,0.330,0.725
-0.713,0.332,0.756
-0.713,0.369,0.807
-0.746,0.332,0.895
-0.857,0.371,0.963
-0.955,0.582,1.186
-0.773,0.662,1.426
-0.721,0.467,1.457
-0.871,0.285,1.451
-0.973,0.326,1.508
-0.783,0.338,1.518
-0.680,0.225,1.480
-0.729,0.193,1.432
-0.660,0.254,1.430
-0.521,0.266,1.350
-0.430,0.215,1.254
-0.412,0.180,1.158
-0.354,0.221,1.105
-0.268,0.230,1.029
-0.236,0.182,0.926
-0.266,0.137,0.818
-0.236,0.145,0.740
-0.281,0.182,0.619
-0.129,0.199,0.688
-0.100,0.217,0.600
-0.143,0.125,0.510
-0.086,0.078,0.877
-0.271,0.176,0.514
-0.260,0.213,0.535
-0.207,0.279,0.557
-0.234,0.232,0.551
-0.305,0.156,0.559
-0.426,0.107,0.582
-0.500,0.322,0.631
-0.465,0.480,0.807
-0.363,0.428,0.902
-0.453,0.250,0.879
-0.578,0.180,0.846
-0.791,0.193,0.963
-0.879,0.367,1.088
-0.805,0.461,1.160
-0.818,0.459,1.178
-0.846,0.408,1.158
-0.879,0.422,1.166
-0.834,0.465,1.262
-0.666,0.521,1.270
-0.559,0.496,1.250
-0.574,0.488,1.232
-0.598,0.482,1.193
-0.600,0.475,1.123
-0.566,0.480,1.066
-0.561,0.494,1.008
-0.559,0.480,0.939
-0.604,0.465,0.893
-0.658,0.467,0.859
-0.621,0.455,0.789
-0.627,0.461,0.766
-0.723,0.514,0.738
-0.748,0.602,0.768
-0.770,0.658,0.805
-0.729,0.623,0.867
-0.764,0.525,0.900
-0.818,0.441,0.930
-0.852,0.439,0.994
-0.863,0.486,1.084
-0.885,0.512,1.203
-0.813,0.498,1.279
-0.725,0.439,1.348
-0.666,0.406,1.357
-0.654,0.482,1.420
-0.605,0.461,1.463
-0.539,0.404,1.420
-0.473,0.350,1.336
-0.443,0.299,1.264
-0.496,0.232,1.154
-0.482,0.180,1.059
-0.334,0.184,1.006
-0.256,0.273,0.908
-0.279,0.215,0.816
-0.328,0.156,0.707
-0.275,0.160,0.631
-0.258,0.152,0.627
-0.248,0.184,0.578
-0.195,0.156,0.582
-0.182,0.098,0.477
-0.201,0.094,0.455
-0.230,0.115,0.490
-0.248,0.146,0.533
-0.271,0.244,0.615
-0.291,0.270,0.668
-0.340,0.125,0.664
-0.469,0.061,0.723
-0.586,0.287,0.871
-0.537,0.539,1.012
-0.457,0.586,1.021
-0.521,0.375,1.053
-0.773,0.162,1.072
-0.709,0.279,1.129
-0.709,0.361,1.201
-0.729,0.424,1.273
-0.762,0.420,1.262
-0.736,0.432,1.244
-0.740,0.504,1.195
-0.721,0.652,1.137
-0.844,0.584,1.066
-0.896,0.557,0.938
-0.869,0.592,0.838
-0.742,0.607,0.801
-0.695,0.689,0.738
-0.668,0.678,0.656
-0.637,0.672,0.619
-0.650,0.639,0.596
-0.670,0.604,0.623
-0.709,0.656,0.676
-0.699,0.648,0.732
-0.695,0.580,0.752
-0.721,0.451,0.723
-0.822,0.338,0.779
-0.906,0.418,0.840
-0.895,0.547,0.975
-0.830,0.576,1.117
-0.852,0.686,1.229
-0.789,0.775,1.318
-0.766,0.688,1.334
-0.857,0.564,1.348
-0.852,0.525,1.385
-0.771,0.441,1.412
-0.740,0.363,1.363
-0.668,0.285,1.326
-0.619,0.307,1.260
-0.504,0.250,1.195
-0.471,0.135,1.047
-0.436,0.070,0.904
-0.342,0.102,0.840
-0.246,0.174,0.805
-0.217,0.193,0.738
-0.219,0.168,0.627
-0.178,0.137,0.607
-0.164,0.189,0.539
-0.186,0.129,0.523
-0.221,0.154,0.500
-0.191,0.187,0.475
-0.229,0.156,0.516
-0.242,0.232,0.553
-0.297,0.266,0.637
-0.369,0.223,0.715
-0.754,-0.762,0.811
-0.230,0.061,0.852
-0.514,0.266,0.844
-0.412,0.318,1.143
-0.566,0.535,1.080
-0.646,0.371,1.145
-0.732,0.330,1.184
-0.791,0.363,1.242
-0.836,0.395,1.258
-0.816,0.377,1.207
-0.816,0.383,1.174
-0.867,0.459,1.182
-0.793,0.543,1.160
-0.648,0.502,1.203
-0.621,0.408,1.115
-0.678,0.361,1.047
-0.684,0.369,0.984
-0.676,0.385,0.924
-0.682,0.404,0.883
-0.588,0.291,0.959
-0.750,0.406,0.922
-0.775,0.484,0.783
-0.795,0.461,0.750
-0.814,0.475,0.693
-0.768,0.463,0.623
-0.740,0.471,0.678
-0.707,0.533,0.770
-0.652,0.564,0.797
-0.609,0.482,0.801
-0.643,0.369,0.818
-0.742,0.332,0.904
-0.855,0.348,1.018
-0.945,0.430,1.174
-0.928,0.518,1.289
-0.891,0.475,1.355
-0.914,0.393,1.408
-1.033,0.365,1.437
-1.000,0.381,1.477
-0.689,0.305,1.535
-0.625,0.158,1.375
-0.641,0.113,1.262
-0.574,0.111,1.217
-0.467,0.146,1.148
-0.326,0.193,1.064
-0.285,0.227,0.938
-0.246,0.178,0.854
-0.217,0.146,0.816
-0.186,0.180,0.676
-0.133,0.205,0.527
-0.131,0.211,0.627
-0.154,0.160,0.598
-0.135,0.137,0.553
-0.135,0.127,0.549
-0.205,0.146,0.557
-0.256,0.187,0.580
-0.293,0.227,0.621
-0.336,0.223,0.676
-0.400,0.230,0.734
-0.467,0.229,0.783
-0.523,0.252,0.852
-0.600,0.373,0.959
-0.574,0.494,1.057
-0.430,0.447,1.066
-0.484,0.309,1.119
-0.695,0.252,1.133
-0.828,0.244,1.145
-0.879,0.301,1.146
-0.957,0.412,1.223
-0.930,0.500,1.246
-0.914,0.596,1.191
-0.693,0.500,1.191
-0.648,0.463,1.182
-0.623,0.459,1.146
-0.672,0.498,1.150
-0.598,0.443,1.041
-0.535,0.439,0.975
-0.516,0.490,0.934
-0.514,0.480,0.854
-0.641,0.449,0.770
-0.707,0.428,0.693
-0.676,0.439,0.609
-0.625,0.486,0.600
-0.627,0.578,0.686
-0.674,0.643,0.736
-0.613,0.648,0.754
-0.639,0.559,0.736
-0.721,0.455,0.754
-0.805,0.398,0.912
-0.867,0.484,1.014
-0.854,0.643,1.182
-0.830,0.574,1.201
-0.881,0.461,1.219
-0.988,0.486,1.260
-0.963,0.557,1.350
-0.941,0.492,1.375
-0.787,0.164,1.281
-0.859,0.346,1.318
-0.811,0.410,1.441
-0.605,0.502,1.355
-0.373,0.326,1.250
-0.656,0.107,-0.068
-0.012,0.043,0.666
-0.357,0.162,1.016
-0.646,0.559,0.814
-0.209,0.328,1.754
-0.305,0.141,0.643
-0.059,-0.230,0.033
-0.145,0.115,0.648
-0.168,0.217,0.453
-0.133,0.174,0.506
-0.217,0.016,0.561
-0.203,0.189,0.533
-0.234,0.225,0.529
-0.303,0.268,0.576
-0.369,0.320,0.594
-0.381,0.350,0.660
-0.398,0.285,0.676
-0.613,0.328,0.762
-0.539,0.230,0.822
-0.473,0.029,0.955
-0.469,0.012,0.971
-0.699,0.100,1.055
-0.770,0.166,1.270
-0.699,0.316,1.367
-0.680,0.465,1.367
-0.678,0.496,1.379
-0.715,0.488,1.398
-0.740,0.543,1.295
-0.617,0.469,1.357
-0.529,0.510,1.430
-0.506,0.543,1.381
-0.447,0.375,1.271
-0.479,0.350,1.209
-0.457,0.385,1.160
-0.488,0.387,1.092
-0.500,0.299,0.998
-0.461,0.338,1.012
-0.539,0.355,0.838
-0.438,0.348,0.785
-0.518,0.467,0.760
-0.570,0.426,0.717
-0.670,0.354,0.729
-0.666,0.340,0.740
-0.576,0.377,0.740
-0.555,0.500,0.762
-0.578,0.516,0.801
-0.693,0.490,0.934
-0.744,0.496,1.043
-0.770,0.449,1.166
-0.838,0.529,1.301
-0.811,0.529,1.430
-0.811,0.447,1.514
-0.854,0.363,1.516
-0.898,0.408,1.535
-0.758,0.363,1.535
-0.660,0.303,1.529
-0.637,0.248,1.430
-0.594,0.225,1.357
-0.557,0.187,1.271
-0.529,0.262,1.227
-0.438,0.221,1.158
-0.375,0.092,0.988
-0.363,0.047,0.885
-0.320,0.109,0.830
-0.250,0.217,0.779
-0.115,0.187,0.766
-0.102,0.238,0.467
-0.256,0.266,0.682
-0.373,0.428,0.418
-0.596,0.578,0.279
-0.543,0.543,0.340
-0.545,0.549,0.287
-0.520,0.541,0.271
-0.553,0.563,0.244
-0.598,0.613,0.234
-0.619,0.652,0.232
-0.609,0.668,0.229
-0.650,0.688,0.230
-0.664,0.680,0.223
-0.678,0.699,0.225
-0.686,0.693,0.230
-0.693,0.717,0.244
-0.684,0.701,0.275
-0.703,0.623,0.281
-0.699,0.588,0.295
-0.684,0.592,0.328
-0.611,0.623,0.395
-0.551,0.590,0.422
-0.580,0.510,0.441
-0.623,0.420,0.457
-0.801,0.328,0.441
-0.619,0.426,0.512
-0.594,0.381,0.582
-0.576,0.346,0.613
-0.563,0.254,0.648
-0.609,0.291,0.633
-0.625,0.570,0.662
-0.584,0.789,0.770
-0.473,0.777,0.754
-0.488,0.570,0.721
-0.645,0.537,0.633
-0.830,0.486,0.625
-0.963,0.535,0.590
-1.004,0.678,0.504
-0.916,0.857,0.555
-0.768,0.869,0.564
-0.715,0.756,0.529
-0.824,0.734,0.473
-0.893,0.703,0.406
-0.961,0.867,0.326
-0.813,1.076,0.445
-0.596,1.109,0.514
-0.529,0.896,0.461
-0.660,0.748,0.404
-0.773,0.709,0.412
-0.822,0.656,0.447
-0.838,0.627,0.445
-0.779,0.678,0.479
-0.688,0.676,0.551
-0.650,0.637,0.600
-0.672,0.605,0.592
-0.689,0.590,0.598
-0.670,0.643,0.613
-0.594,0.637,0.689
-0.557,0.516,0.695
-0.580,0.506,0.670
-0.543,0.473,0.660
-0.498,0.414,0.672
-0.467,0.271,0.652
-0.463,0.391,0.621
-0.439,0.424,0.639
-0.402,0.484,0.658
-0.389,0.439,0.658
-0.447,0.391,0.617
-0.508,0.398,0.592
-0.537,0.451,0.592
-0.520,0.449,0.611
-0.523,0.451,0.633
-0.574,0.439,0.646
-0.605,0.529,0.643
-0.561,0.652,0.676
-0.516,0.658,0.715
-0.576,0.619,0.736
-0.625,0.566,0.734
-0.648,0.615,0.730
-0.609,0.670,0.736
-0.535,0.645,0.760
-0.539,0.637,0.754
-0.566,0.607,0.742
-0.574,0.555,0.732
-0.607,0.520,0.744
-0.643,0.518,0.754
-0.619,0.584,0.779
-0.551,0.600,0.813
-0.518,0.590,0.813
-0.521,0.545,0.805
-0.498,0.514,0.803
-0.488,0.508,0.773
-0.439,0.516,0.770
-0.385,0.564,0.752
-0.312,0.586,0.754
-0.268,0.625,0.758
-0.314,0.627,0.754
-0.438,0.568,0.740
-0.523,0.547,0.717
-0.529,0.590,0.715
-0.494,0.652,0.723
-0.469,0.590,0.719
-0.480,0.545,0.684
-0.502,0.533,0.660
-0.490,0.568,0.650
-0.432,0.615,0.635
-0.410,0.613,0.643
-0.420,0.570,0.613
-0.441,0.551,0.557
-0.471,0.613,0.541
-0.441,0.693,0.557
-0.426,0.721,0.555
-0.443,0.697,0.529
-0.477,0.654,0.520
-0.488,0.658,0.516
-0.506,0.654,0.518
-0.518,0.758,0.514
-0.490,0.770,0.551
-0.523,0.695,0.613
-0.512,0.654,0.492
-0.508,0.615,0.578
-0.537,0.666,0.563
-0.506,0.781,0.553
-0.465,0.785,0.566
-0.496,0.760,0.547
-0.537,0.695,0.539
-0.527,0.682,0.453
-0.471,0.713,0.506
-0.416,0.756,0.539
-0.443,0.656,0.654
-0.412,0.689,0.549
-0.416,0.697,0.561
-0.404,0.771,0.553
-0.379,0.793,0.563
-0.367,0.721,0.543
-0.408,0.641,0.518
-0.426,0.588,0.510
-0.438,0.627,0.525
-0.412,0.629,0.529
-0.408,0.600,0.527
-0.414,0.582,0.527
-0.447,0.602,0.549
-0.475,0.650,0.543
-0.500,0.711,0.537
-0.504,0.801,0.545
-0.494,0.844,0.570
-0.551,0.920,0.590
-0.555,0.961,0.590
-0.521,0.887,0.561
-0.535,0.773,0.566
-0.561,0.793,0.572
-0.527,0.971,0.654
-0.441,0.967,0.707
-0.383,0.887,0.719
-0.393,0.813,0.719
-0.475,0.797,0.686
-0.525,0.873,0.686
-0.529,0.896,0.656
-0.506,0.803,0.594
-0.561,0.813,0.549
-0.592,0.832,0.498
-0.525,0.902,0.486
-0.471,0.867,0.463
-0.473,0.924,0.451
-0.521,0.980,0.414
-0.506,0.949,0.361
-0.414,1.070,0.221
-0.482,0.822,0.268
-0.533,0.949,0.234
-0.494,0.969,0.104
-0.512,0.971,0.170
-0.482,0.973,0.162
-0.436,0.893,0.145
-0.439,0.865,0.127
-0.420,0.900,0.086
-0.383,0.938,0.148
-0.508,0.824,-0.027
-0.408,1.244,-0.344
-0.361,0.764,-0.057
-0.445,0.797,0.133
-0.311,0.816,0.209
-0.168,0.811,0.201
-0.129,0.559,0.127
-0.051,0.527,0.143
0.039,0.408,0.121
0.064,0.387,0.117
0.236,0.604,0.061
0.400,0.648,0.115
0.428,0.627,0.164
0.230,0.594,0.207
0.086,0.553,0.273
0.107,0.654,0.777
0.279,0.707,0.672
0.117,0.756,0.828
0.121,0.510,0.887
0.143,0.264,0.908
0.182,1.002,1.012
0.160,1.117,1.379
0.877,0.934,1.777
0.365,0.797,1.199
0.150,0.447,0.822
-0.066,-0.371,0.658
0.322,-0.061,1.051
-0.348,0.217,0.600
-0.301,-0.197,0.521
-0.174,0.420,0.705
-0.053,0.100,0.477
0.035,1.613,0.855
-0.211,1.109,1.281
-0.025,0.406,0.520
-0.045,-0.123,0.213
0.086,-0.041,0.230
-4.000,-0.072,2.377
-0.578,-0.334,0.898
-0.092,0.420,0.676
-0.168,-0.162,0.574
-0.621,0.689,0.588
-0.395,0.799,0.674
-0.412,0.676,0.609
-0.492,0.531,0.729
-0.523,0.590,0.564
-0.484,0.654,0.652
-0.453,0.648,0.613
-0.521,0.625,0.594
-0.531,0.615,0.650
-0.514,0.641,0.631
-0.512,0.645,0.607
-0.523,0.619,0.625
-0.539,0.609,0.635
-0.521,0.611,0.633
-0.523,0.629,0.648
-0.525,0.641,0.641
-0.527,0.625,0.623
-0.510,0.613,0.617
-0.492,0.604,0.600
-0.494,0.590,0.635
-0.518,0.604,0.643
-0.482,0.602,0.627
-0.496,0.598,0.643
-0.498,0.572,0.660
-0.473,0.566,0.654
-0.518,0.623,0.650
-0.469,0.680,0.654
-0.369,0.664,0.670
-0.416,0.666,0.770
-0.375,0.643,0.621
-0.389,0.574,0.510
-0.551,0.605,0.637
-0.590,0.654,0.686
-0.658,0.535,0.623
-0.686,0.451,0.709
-0.598,0.414,0.672
-0.691,0.400,0.736
-0.641,0.420,0.750
-0.646,0.453,0.734
-0.652,0.494,0.631
-0.629,0.525,0.604
-0.574,0.570,0.547
-0.609,0.611,0.605
-0.631,0.598,0.645
-0.631,0.582,0.576
-0.637,0.590,0.564
-0.570,0.623,0.564
-0.564,0.652,0.529
-0.594,0.627,0.598
-0.576,0.613,0.551
-0.592,0.600,0.559
-0.600,0.627,0.598
-0.514,0.668,0.586
-0.518,0.658,0.611
-0.537,0.637,0.654
-0.494,0.607,0.631
-0.439,0.592,0.621
-0.393,0.609,0.725
-0.400,0.697,0.664
-0.395,0.656,0.664
-0.457,0.590,0.723
-0.424,0.568,0.701
-0.350,0.564,0.678
-0.350,0.545,0.732
-0.420,0.564,0.697
-0.494,0.547,0.693
-0.566,0.564,0.521
-0.598,0.607,0.584
-0.615,0.729,0.551
-0.533,0.650,0.508
-0.387,0.492,0.346
-0.592,0.512,0.580
-0.498,0.920,0.943
-0.318,0.697,0.596
-0.512,0.629,0.516
-0.707,0.629,0.742
-0.689,0.658,0.629
-0.529,0.652,0.596
-0.488,0.590,0.543
-0.504,0.609,0.449
-0.576,0.645,0.619
-0.578,0.672,0.594
-0.561,0.625,0.635
-0.537,0.592,0.635
-0.516,0.596,0.631
-0.514,0.615,0.607
-0.510,0.605,0.623
-0.520,0.602,0.619
-0.512,0.619,0.609
-0.529,0.643,0.609
-0.521,0.637,0.605
-0.520,0.629,0.596
-0.520,0.629,0.588
-0.543,0.643,0.596
-0.551,0.625,0.590
-0.551,0.633,0.600
-0.541,0.623,0.580
-0.539,0.613,0.594
-0.541,0.613,0.594
-0.547,0.629,0.594
-0.541,0.623,0.613
-0.541,0.615,0.600
-0.549,0.619,0.576
-0.553,0.625,0.602
-0.541,0.635,0.592
-0.547,0.625,0.598
-0.553,0.611,0.596
-0.551,0.613,0.598
-0.555,0.621,0.598
-0.555,0.621,0.586
-0.557,0.619,0.582
-0.555,0.615,0.592
-0.588,0.627,0.588
-0.561,0.621,0.602
-0.549,0.629,0.590
-0.549,0.625,0.578
-0.549,0.623,0.582
-0.555,0.611,0.598
-0.551,0.619,0.602
-0.549,0.613,0.609
-0.545,0.619,0.592
-0.551,0.611,0.602
-0.557,0.615,0.600
-0.555,0.613,0.602
-0.549,0.617,0.586
-0.549,0.619,0.592
-0.543,0.627,0.592
-0.541,0.625,0.582
-0.537,0.607,0.594
-0.545,0.619,0.592
-0.543,0.627,0.594
-0.537,0.625,0.592
-0.541,0.629,0.590
-0.551,0.625,0.588
-0.549,0.619,0.592
-0.551,0.623,0.590
-0.553,0.619,0.594
-0.553,0.625,0.596
-0.545,0.615,0.584
-0.541,0.635,0.572
-0.545,0.635,0.592
-0.557,0.621,0.592
-0.555,0.619,0.596
-0.551,0.629,0.590
-0.549,0.627,0.588
-0.543,0.635,0.582
